Geração 1,Geração 2,Geração 3,Geração 4,Geração 5,Geração 6,Geração 7,Geração 8,Geração 9,Geração 10,Geração 11,Geração 12,Geração 13,Geração 14,Geração 15,Geração 16,Geração 17,Geração 18,Geração 19,Geração 20,Geração 21,Geração 22,Geração 23,Geração 24,Geração 25,Geração 26,Geração 27,Geração 28,Geração 29,Geração 30,Geração 31,Geração 32,Geração 33,Geração 34,Geração 35,Geração 36,Geração 37,Geração 38,Geração 39,Geração 40,Geração 41,Geração 42,Geração 43,Geração 44,Geração 45,Geração 46,Geração 47,Geração 48,Geração 49,Geração 50
251.0,438.0,438.0,723.0,454.0,462.0,1106.0,833.0,732.0,639.0,3172.0,643.0,2410.0,2309.0,1374.0,474.0,2958.0,1470.0,1185.0,2199.0,1196.0,1465.0,1185.0,1654.0,1563.0,3239.0,1777.0,3273.0,2053.0,2884.0,4304.0,3155.0,2871.0,3924.0,6780.0,4101.0,6780.0,6780.0,6780.0,6780.0,6780.0,6780.0,6780.0,6780.0,6780.0,6780.0,6780.0,6780.0,6780.0,6780.0
170.0,438.0,368.0,652.0,453.0,458.0,814.0,832.0,731.0,624.0,2595.0,641.0,1386.0,2308.0,912.0,473.0,2617.0,1468.0,1174.0,2193.0,1096.0,1465.0,1033.0,1653.0,1372.0,2685.0,1755.0,2398.0,1682.0,2772.0,4270.0,3052.0,2519.0,3823.0,6780.0,3148.0,4078.0,6780.0,6780.0,6780.0,6780.0,6780.0,6780.0,6780.0,6780.0,6780.0,6780.0,6780.0,6780.0,6780.0
160.0,283.0,358.0,646.0,277.0,448.0,812.0,828.0,731.0,569.0,2593.0,638.0,1374.0,2231.0,911.0,471.0,2610.0,1091.0,1128.0,2152.0,1096.0,1465.0,1032.0,1652.0,1216.0,2611.0,1468.0,1782.0,1678.0,2772.0,3145.0,2143.0,2517.0,2901.0,3082.0,2590.0,3062.0,6780.0,6780.0,6780.0,6780.0,6780.0,6780.0,6780.0,6780.0,6780.0,6780.0,6780.0,6780.0,6780.0
159.0,282.0,345.0,637.0,266.0,285.0,812.0,816.0,730.0,566.0,2400.0,627.0,1372.0,2226.0,910.0,470.0,2436.0,1019.0,1125.0,2152.0,1096.0,1113.0,1030.0,1652.0,1213.0,2236.0,813.0,1772.0,1677.0,2771.0,3086.0,1842.0,2137.0,2143.0,2960.0,2590.0,3062.0,6780.0,6780.0,6780.0,6780.0,6780.0,6780.0,6780.0,6780.0,6780.0,6780.0,6780.0,6780.0,6780.0
158.0,275.0,345.0,628.0,265.0,278.0,811.0,811.0,729.0,561.0,1303.0,470.0,1371.0,2225.0,910.0,468.0,2435.0,1017.0,725.0,2151.0,1095.0,1105.0,1029.0,1576.0,1212.0,2037.0,812.0,1772.0,1675.0,2685.0,3086.0,1839.0,2134.0,2138.0,2145.0,1381.0,2871.0,6780.0,6780.0,6780.0,6780.0,6780.0,6780.0,6780.0,6780.0,6780.0,6780.0,6780.0,6780.0,6780.0
158.0,252.0,345.0,624.0,263.0,277.0,738.0,811.0,729.0,548.0,1299.0,440.0,1370.0,2225.0,905.0,465.0,2429.0,1017.0,724.0,2149.0,1095.0,905.0,1027.0,1576.0,1210.0,1294.0,732.0,1766.0,1675.0,2678.0,3069.0,1568.0,2129.0,2121.0,2122.0,1375.0,936.0,6780.0,6780.0,6780.0,6780.0,6780.0,6780.0,6780.0,6780.0,6780.0,6780.0,6780.0,6780.0,6780.0
158.0,252.0,345.0,537.0,262.0,276.0,461.0,721.0,729.0,539.0,1298.0,440.0,1368.0,2215.0,905.0,458.0,2419.0,1016.0,722.0,2145.0,941.0,905.0,1025.0,1576.0,1209.0,1294.0,731.0,1764.0,1675.0,2672.0,3064.0,1567.0,2126.0,2120.0,1748.0,908.0,912.0,6780.0,6780.0,6780.0,6780.0,6780.0,6780.0,6780.0,6780.0,6780.0,6780.0,6780.0,6780.0,6780.0
158.0,252.0,345.0,535.0,253.0,273.0,453.0,718.0,729.0,538.0,1296.0,440.0,1366.0,2118.0,900.0,457.0,1763.0,1014.0,536.0,2129.0,939.0,905.0,1024.0,1575.0,1208.0,1293.0,728.0,1762.0,1673.0,2621.0,3064.0,1566.0,1936.0,2120.0,1406.0,832.0,910.0,6780.0,6780.0,6780.0,6780.0,6780.0,6780.0,6780.0,6780.0,6780.0,6780.0,6780.0,6780.0,6780.0
158.0,181.0,273.0,471.0,251.0,268.0,453.0,718.0,728.0,535.0,1282.0,439.0,1366.0,2118.0,900.0,454.0,1762.0,1009.0,438.0,2126.0,936.0,905.0,1023.0,1574.0,1208.0,1291.0,728.0,1761.0,1672.0,2612.0,3063.0,1393.0,1935.0,2120.0,1393.0,829.0,910.0,6780.0,6780.0,6780.0,6780.0,6780.0,6780.0,6780.0,6780.0,6780.0,6780.0,6780.0,6780.0,6780.0
158.0,177.0,264.0,439.0,251.0,266.0,375.0,656.0,728.0,528.0,1194.0,439.0,1363.0,1838.0,900.0,453.0,1756.0,1009.0,438.0,2126.0,927.0,626.0,1022.0,1481.0,1207.0,1290.0,727.0,1759.0,1671.0,2603.0,3062.0,1388.0,1934.0,2120.0,1374.0,828.0,909.0,4581.0,6780.0,6780.0,6780.0,6780.0,6780.0,6780.0,6780.0,6780.0,6780.0,6780.0,6780.0,6780.0
158.0,176.0,252.0,378.0,251.0,265.0,374.0,654.0,728.0,527.0,1190.0,438.0,1359.0,1558.0,900.0,451.0,1406.0,1008.0,379.0,2126.0,927.0,625.0,1021.0,1403.0,1205.0,1289.0,727.0,1759.0,1670.0,1187.0,3062.0,1011.0,1933.0,2120.0,1219.0,826.0,909.0,3533.0,6780.0,6780.0,6780.0,6780.0,6780.0,6780.0,6780.0,6780.0,6780.0,6780.0,6780.0,6780.0
158.0,170.0,173.0,369.0,251.0,260.0,373.0,651.0,727.0,523.0,1189.0,438.0,1355.0,1502.0,897.0,450.0,1397.0,1000.0,379.0,2123.0,926.0,625.0,1019.0,1394.0,1205.0,1286.0,727.0,1759.0,1669.0,1105.0,3062.0,998.0,1933.0,2119.0,1217.0,822.0,909.0,3531.0,6780.0,6780.0,6780.0,6780.0,6780.0,6780.0,6780.0,6780.0,6780.0,6780.0,6780.0,6780.0
158.0,168.0,172.0,369.0,251.0,258.0,367.0,646.0,727.0,520.0,1023.0,438.0,1092.0,1499.0,896.0,442.0,1384.0,923.0,373.0,2119.0,924.0,625.0,1009.0,1375.0,1204.0,1285.0,727.0,1759.0,1669.0,1094.0,3061.0,994.0,1933.0,2119.0,1217.0,818.0,909.0,3530.0,6780.0,6780.0,6780.0,6780.0,6780.0,6780.0,6780.0,6780.0,6780.0,6780.0,6780.0,6780.0
158.0,164.0,169.0,357.0,251.0,257.0,367.0,640.0,726.0,518.0,1021.0,438.0,819.0,1498.0,895.0,441.0,1381.0,625.0,370.0,1933.0,924.0,625.0,1001.0,1031.0,1201.0,1285.0,725.0,1759.0,1667.0,844.0,3058.0,994.0,1933.0,2119.0,1215.0,816.0,909.0,3528.0,6780.0,6780.0,6780.0,6780.0,6780.0,6780.0,6780.0,6780.0,6780.0,6780.0,6780.0,6780.0
158.0,162.0,169.0,353.0,251.0,257.0,366.0,636.0,726.0,451.0,1018.0,436.0,816.0,1496.0,895.0,439.0,1372.0,625.0,369.0,1932.0,922.0,625.0,1001.0,999.0,1198.0,1285.0,724.0,1758.0,1666.0,840.0,3055.0,972.0,1932.0,2119.0,1215.0,812.0,908.0,3525.0,6780.0,6780.0,6780.0,6780.0,6780.0,6780.0,6780.0,6780.0,6780.0,6780.0,6780.0,6780.0
158.0,162.0,168.0,351.0,251.0,255.0,361.0,471.0,725.0,446.0,1016.0,433.0,814.0,1495.0,895.0,438.0,1372.0,625.0,369.0,1932.0,921.0,625.0,1000.0,998.0,1198.0,1284.0,721.0,1758.0,1665.0,829.0,3054.0,752.0,1932.0,2118.0,1214.0,812.0,908.0,3156.0,6780.0,6780.0,6780.0,6780.0,6780.0,6780.0,6780.0,6780.0,6780.0,6780.0,6780.0,6780.0
142.0,161.0,164.0,272.0,251.0,253.0,354.0,469.0,725.0,377.0,1014.0,433.0,742.0,1482.0,894.0,438.0,1372.0,625.0,369.0,1745.0,918.0,625.0,1000.0,998.0,1198.0,1284.0,647.0,1757.0,1664.0,826.0,3053.0,752.0,1932.0,2118.0,1214.0,811.0,907.0,3156.0,6780.0,6780.0,6780.0,6780.0,6780.0,6780.0,6780.0,6780.0,6780.0,6780.0,6780.0,6780.0
141.0,159.0,163.0,270.0,251.0,253.0,353.0,468.0,723.0,376.0,1012.0,272.0,739.0,1477.0,892.0,438.0,1372.0,564.0,369.0,1745.0,918.0,625.0,918.0,658.0,1193.0,1284.0,646.0,1757.0,1662.0,821.0,2882.0,751.0,1932.0,2052.0,1213.0,723.0,907.0,3155.0,6780.0,6780.0,6780.0,6780.0,6780.0,6780.0,6780.0,6780.0,6780.0,6780.0,6780.0,6780.0
137.0,159.0,163.0,262.0,251.0,253.0,353.0,468.0,722.0,376.0,1001.0,270.0,738.0,1406.0,891.0,438.0,1216.0,557.0,369.0,1689.0,917.0,625.0,905.0,641.0,1192.0,1284.0,627.0,1756.0,1661.0,820.0,2873.0,749.0,1932.0,2019.0,1211.0,721.0,907.0,3155.0,6780.0,6780.0,6780.0,6780.0,6780.0,6780.0,6780.0,6780.0,6780.0,6780.0,6780.0,6780.0
116.0,158.0,161.0,261.0,251.0,253.0,353.0,467.0,720.0,375.0,999.0,266.0,736.0,1405.0,843.0,438.0,1214.0,553.0,367.0,1684.0,916.0,625.0,749.0,640.0,1192.0,1283.0,625.0,1756.0,1660.0,819.0,2525.0,748.0,1932.0,2017.0,1211.0,720.0,907.0,3154.0,6780.0,6780.0,6780.0,6780.0,6780.0,6780.0,6780.0,6780.0,6780.0,6780.0,6780.0,6780.0
104.0,158.0,160.0,254.0,251.0,251.0,351.0,466.0,720.0,374.0,850.0,266.0,730.0,1404.0,843.0,438.0,1213.0,544.0,367.0,1675.0,916.0,625.0,745.0,640.0,1189.0,1283.0,534.0,1755.0,1658.0,818.0,2521.0,746.0,1932.0,2016.0,1211.0,719.0,907.0,3154.0,6780.0,6780.0,6780.0,6780.0,6780.0,6780.0,6780.0,6780.0,6780.0,6780.0,6780.0,6780.0
104.0,158.0,158.0,190.0,251.0,251.0,351.0,466.0,719.0,372.0,849.0,258.0,730.0,1400.0,843.0,438.0,1210.0,368.0,367.0,1674.0,915.0,620.0,741.0,638.0,1184.0,1282.0,532.0,1755.0,1657.0,756.0,2511.0,746.0,1932.0,2016.0,1209.0,658.0,906.0,3153.0,6780.0,6780.0,6780.0,6780.0,6780.0,6780.0,6780.0,6780.0,6780.0,6780.0,6780.0,6780.0
94.0,158.0,158.0,186.0,251.0,251.0,351.0,464.0,662.0,372.0,845.0,256.0,725.0,1397.0,838.0,438.0,1210.0,288.0,367.0,1674.0,910.0,561.0,738.0,637.0,1105.0,1282.0,463.0,1754.0,1656.0,753.0,2510.0,745.0,1932.0,2015.0,1208.0,658.0,906.0,3153.0,6780.0,6780.0,6780.0,6780.0,6780.0,6780.0,6780.0,6780.0,6780.0,6780.0,6780.0,6780.0
90.0,158.0,158.0,183.0,251.0,251.0,350.0,464.0,658.0,371.0,844.0,253.0,719.0,1391.0,659.0,438.0,1210.0,288.0,366.0,1659.0,907.0,556.0,736.0,636.0,1102.0,1281.0,286.0,1754.0,1656.0,751.0,2509.0,744.0,1932.0,2015.0,1208.0,657.0,905.0,3153.0,6780.0,6780.0,6780.0,6780.0,6780.0,6780.0,6780.0,6780.0,6780.0,6780.0,6780.0,6780.0
85.0,158.0,158.0,183.0,251.0,251.0,349.0,463.0,657.0,369.0,844.0,196.0,462.0,1390.0,658.0,438.0,1209.0,288.0,365.0,1482.0,813.0,555.0,729.0,636.0,1092.0,1281.0,267.0,1753.0,1656.0,745.0,2499.0,744.0,1932.0,2014.0,1207.0,650.0,737.0,3152.0,6780.0,6780.0,6780.0,6780.0,6780.0,6780.0,6780.0,6780.0,6780.0,6780.0,6780.0,6780.0
80.0,158.0,158.0,179.0,251.0,251.0,349.0,462.0,657.0,369.0,843.0,195.0,443.0,1389.0,656.0,438.0,1209.0,287.0,365.0,1474.0,812.0,550.0,283.0,625.0,1037.0,1280.0,256.0,1753.0,1655.0,743.0,2063.0,744.0,1932.0,1961.0,1207.0,648.0,733.0,3150.0,6780.0,3431.0,6780.0,6780.0,6780.0,6780.0,6780.0,6780.0,6780.0,6780.0,6780.0,6780.0
79.0,158.0,158.0,179.0,251.0,251.0,348.0,462.0,656.0,367.0,842.0,187.0,380.0,1387.0,651.0,438.0,1209.0,287.0,365.0,1468.0,812.0,549.0,283.0,625.0,1034.0,1280.0,255.0,1749.0,1655.0,743.0,2057.0,743.0,1932.0,1875.0,1207.0,642.0,732.0,1656.0,6780.0,3431.0,6780.0,6780.0,6780.0,6780.0,6780.0,6780.0,6780.0,6780.0,6780.0,6780.0
62.0,158.0,158.0,178.0,195.0,251.0,348.0,461.0,655.0,367.0,837.0,185.0,377.0,1382.0,651.0,438.0,1208.0,285.0,364.0,1196.0,812.0,547.0,276.0,536.0,1011.0,1279.0,253.0,1584.0,1654.0,741.0,2055.0,741.0,1932.0,1875.0,1207.0,638.0,731.0,1654.0,6780.0,3430.0,6780.0,6780.0,6780.0,6780.0,6780.0,6780.0,6780.0,6780.0,6780.0,6780.0
61.0,158.0,158.0,173.0,193.0,251.0,347.0,460.0,653.0,366.0,831.0,182.0,376.0,1379.0,650.0,438.0,1207.0,285.0,364.0,1190.0,812.0,546.0,271.0,440.0,1010.0,1278.0,252.0,1575.0,1654.0,740.0,2053.0,741.0,1932.0,1874.0,1205.0,636.0,726.0,1654.0,6780.0,3426.0,6780.0,6780.0,6780.0,6780.0,6780.0,6780.0,6780.0,6780.0,6780.0,6780.0
61.0,158.0,158.0,170.0,185.0,251.0,347.0,456.0,646.0,366.0,825.0,182.0,375.0,1374.0,649.0,438.0,1207.0,285.0,363.0,1189.0,812.0,545.0,267.0,438.0,1008.0,1278.0,189.0,1575.0,1653.0,738.0,2050.0,741.0,1932.0,1874.0,1205.0,636.0,726.0,1653.0,6780.0,2620.0,6780.0,6780.0,6780.0,6780.0,6780.0,6780.0,6780.0,6780.0,6780.0,6780.0
61.0,158.0,158.0,170.0,180.0,251.0,347.0,455.0,634.0,366.0,824.0,181.0,373.0,736.0,648.0,380.0,1206.0,284.0,363.0,1127.0,812.0,545.0,266.0,438.0,1006.0,1278.0,187.0,1574.0,1653.0,738.0,2046.0,740.0,1932.0,1868.0,1204.0,635.0,638.0,1652.0,6780.0,2620.0,6780.0,6780.0,6780.0,6780.0,6780.0,6780.0,6780.0,6780.0,6780.0,6780.0
61.0,158.0,158.0,168.0,180.0,251.0,347.0,455.0,630.0,366.0,824.0,181.0,371.0,720.0,648.0,377.0,1206.0,284.0,363.0,1126.0,812.0,545.0,258.0,438.0,1005.0,1278.0,186.0,1573.0,1652.0,737.0,2046.0,740.0,1932.0,1857.0,1204.0,634.0,638.0,1652.0,6780.0,2611.0,6780.0,4552.0,6780.0,6780.0,6780.0,6780.0,6780.0,6780.0,6780.0,6780.0
61.0,158.0,158.0,167.0,180.0,251.0,347.0,453.0,630.0,366.0,823.0,180.0,371.0,661.0,648.0,375.0,1206.0,282.0,363.0,1125.0,656.0,544.0,257.0,366.0,909.0,1278.0,184.0,1573.0,1652.0,735.0,2045.0,739.0,1932.0,1857.0,1203.0,634.0,634.0,1652.0,6780.0,2610.0,6780.0,4387.0,6780.0,6780.0,6780.0,6780.0,6780.0,6780.0,6780.0,6780.0
61.0,158.0,158.0,166.0,179.0,251.0,347.0,453.0,629.0,364.0,820.0,177.0,365.0,660.0,646.0,370.0,1206.0,282.0,363.0,1124.0,654.0,544.0,257.0,365.0,841.0,1278.0,184.0,1572.0,1570.0,734.0,2043.0,739.0,1932.0,1857.0,1202.0,634.0,634.0,1652.0,6780.0,2606.0,6780.0,3895.0,6780.0,6780.0,6780.0,6780.0,6780.0,6780.0,6780.0,6780.0
60.0,158.0,158.0,164.0,179.0,251.0,345.0,452.0,628.0,364.0,819.0,177.0,364.0,660.0,645.0,370.0,1206.0,282.0,362.0,1124.0,653.0,543.0,257.0,364.0,831.0,1277.0,183.0,1565.0,1560.0,731.0,2042.0,739.0,1932.0,1857.0,1201.0,634.0,633.0,1652.0,6780.0,2153.0,6780.0,3894.0,6780.0,6780.0,6780.0,6780.0,6780.0,6780.0,6780.0,6780.0
59.0,158.0,158.0,163.0,178.0,251.0,344.0,451.0,627.0,364.0,818.0,177.0,364.0,659.0,645.0,368.0,1203.0,282.0,362.0,1124.0,652.0,543.0,257.0,363.0,812.0,1277.0,183.0,1563.0,1559.0,731.0,2042.0,738.0,1876.0,1857.0,1201.0,633.0,633.0,1589.0,6780.0,2153.0,6780.0,3894.0,6780.0,6780.0,6780.0,6780.0,6780.0,6780.0,6780.0,6780.0
59.0,158.0,158.0,163.0,178.0,251.0,344.0,451.0,627.0,363.0,818.0,176.0,363.0,657.0,644.0,362.0,1203.0,282.0,362.0,1121.0,648.0,542.0,257.0,362.0,380.0,1277.0,182.0,1562.0,1558.0,731.0,1960.0,738.0,1872.0,1857.0,1201.0,633.0,630.0,1479.0,4742.0,2151.0,6780.0,3894.0,6780.0,6780.0,6780.0,6780.0,6780.0,6780.0,6780.0,6780.0
59.0,158.0,158.0,163.0,177.0,195.0,344.0,450.0,626.0,362.0,818.0,176.0,362.0,656.0,643.0,361.0,1202.0,280.0,360.0,1120.0,636.0,542.0,257.0,362.0,380.0,1277.0,180.0,1561.0,1558.0,730.0,1955.0,738.0,1870.0,1857.0,1200.0,633.0,476.0,1470.0,4738.0,2151.0,6780.0,3893.0,6780.0,6780.0,6780.0,6780.0,6780.0,6780.0,6780.0,6780.0
57.0,158.0,158.0,162.0,176.0,190.0,344.0,450.0,626.0,362.0,817.0,176.0,362.0,650.0,643.0,360.0,1106.0,280.0,360.0,1120.0,628.0,542.0,257.0,359.0,379.0,1273.0,180.0,1472.0,1558.0,730.0,1955.0,737.0,1868.0,1857.0,1200.0,633.0,470.0,1111.0,4642.0,2150.0,6780.0,3893.0,6780.0,6780.0,6780.0,6780.0,6780.0,6780.0,6780.0,6780.0
57.0,158.0,158.0,162.0,175.0,190.0,344.0,449.0,626.0,362.0,817.0,176.0,362.0,649.0,643.0,359.0,1104.0,280.0,360.0,1120.0,627.0,541.0,256.0,359.0,378.0,1273.0,180.0,1471.0,1558.0,729.0,1955.0,737.0,1868.0,1856.0,1200.0,633.0,462.0,1099.0,4642.0,2150.0,6780.0,3893.0,6780.0,6780.0,6780.0,6780.0,6780.0,6780.0,6780.0,6780.0
57.0,158.0,158.0,161.0,174.0,189.0,344.0,449.0,626.0,362.0,816.0,176.0,361.0,648.0,643.0,353.0,534.0,280.0,360.0,1120.0,626.0,541.0,256.0,359.0,377.0,1272.0,179.0,1468.0,1558.0,728.0,1950.0,736.0,1867.0,1855.0,1199.0,632.0,462.0,1097.0,3929.0,2150.0,6780.0,3893.0,6780.0,6780.0,6780.0,6780.0,6780.0,6780.0,6780.0,6780.0
57.0,150.0,158.0,160.0,174.0,187.0,344.0,448.0,625.0,362.0,814.0,174.0,361.0,645.0,643.0,351.0,534.0,280.0,360.0,1119.0,626.0,540.0,256.0,359.0,376.0,1271.0,179.0,1467.0,1558.0,727.0,1487.0,736.0,1779.0,1855.0,1198.0,632.0,454.0,1094.0,3924.0,2148.0,6780.0,3892.0,6780.0,6780.0,6780.0,6780.0,6780.0,6780.0,6780.0,6780.0
56.0,144.0,158.0,159.0,173.0,186.0,344.0,448.0,625.0,360.0,813.0,174.0,361.0,644.0,643.0,351.0,533.0,280.0,360.0,1119.0,626.0,539.0,256.0,356.0,376.0,1264.0,178.0,1466.0,1558.0,724.0,1480.0,736.0,1776.0,1855.0,1197.0,632.0,448.0,754.0,3923.0,2148.0,6780.0,3531.0,6780.0,6780.0,6780.0,6780.0,6780.0,6780.0,6780.0,6780.0
55.0,142.0,158.0,159.0,173.0,186.0,270.0,448.0,625.0,359.0,812.0,174.0,361.0,643.0,643.0,351.0,532.0,279.0,359.0,1119.0,626.0,536.0,256.0,355.0,376.0,1255.0,178.0,1466.0,1558.0,723.0,1476.0,736.0,1678.0,1854.0,1197.0,632.0,446.0,754.0,3923.0,2148.0,6780.0,3530.0,6780.0,6780.0,6780.0,6780.0,6780.0,6780.0,6780.0,6780.0
55.0,136.0,158.0,159.0,172.0,185.0,263.0,448.0,625.0,359.0,812.0,174.0,360.0,643.0,640.0,351.0,532.0,279.0,359.0,1117.0,625.0,534.0,256.0,355.0,376.0,1092.0,178.0,1465.0,1558.0,723.0,1475.0,736.0,1676.0,1854.0,1196.0,631.0,446.0,753.0,3923.0,2146.0,6780.0,3527.0,6780.0,6780.0,6780.0,6780.0,6780.0,6780.0,6780.0,6780.0
55.0,134.0,158.0,159.0,171.0,184.0,259.0,448.0,625.0,359.0,812.0,174.0,360.0,643.0,640.0,351.0,532.0,278.0,359.0,1115.0,625.0,534.0,256.0,353.0,375.0,1092.0,178.0,1465.0,1558.0,721.0,1469.0,736.0,1675.0,1853.0,1196.0,631.0,446.0,752.0,3914.0,2145.0,6780.0,3526.0,6780.0,6780.0,6780.0,6780.0,6780.0,6780.0,6780.0,6780.0
54.0,112.0,158.0,159.0,171.0,184.0,193.0,447.0,625.0,359.0,811.0,173.0,359.0,641.0,639.0,350.0,532.0,278.0,359.0,1114.0,625.0,533.0,255.0,352.0,375.0,1092.0,178.0,1465.0,1558.0,720.0,1469.0,736.0,1675.0,1853.0,1196.0,630.0,445.0,751.0,3912.0,2144.0,6780.0,3525.0,6780.0,6780.0,6780.0,6780.0,6780.0,6780.0,6780.0,6780.0
53.0,109.0,158.0,158.0,170.0,184.0,193.0,447.0,625.0,358.0,810.0,173.0,359.0,640.0,639.0,350.0,532.0,277.0,358.0,1112.0,625.0,533.0,255.0,349.0,375.0,1092.0,178.0,1465.0,1558.0,718.0,1469.0,736.0,1675.0,1853.0,1196.0,630.0,445.0,751.0,3910.0,2143.0,6780.0,3525.0,6780.0,6780.0,6780.0,6780.0,6780.0,6780.0,6780.0,6780.0
53.0,105.0,158.0,158.0,169.0,182.0,193.0,447.0,625.0,357.0,810.0,173.0,359.0,640.0,639.0,350.0,532.0,277.0,358.0,1112.0,625.0,532.0,255.0,348.0,375.0,1035.0,177.0,1465.0,1558.0,718.0,1468.0,736.0,1675.0,1849.0,1195.0,630.0,445.0,748.0,3614.0,2142.0,6780.0,3524.0,6780.0,6780.0,6780.0,6780.0,6780.0,6780.0,6780.0,6780.0
53.0,104.0,158.0,158.0,167.0,180.0,189.0,447.0,625.0,356.0,805.0,172.0,359.0,640.0,639.0,350.0,532.0,276.0,358.0,1112.0,625.0,477.0,254.0,346.0,374.0,744.0,177.0,1383.0,1558.0,568.0,1466.0,736.0,1675.0,1849.0,1195.0,629.0,445.0,737.0,3614.0,2142.0,6780.0,3524.0,6780.0,6780.0,6780.0,6780.0,6780.0,6780.0,6780.0,6780.0
52.0,101.0,158.0,158.0,164.0,177.0,189.0,446.0,623.0,356.0,799.0,172.0,358.0,640.0,639.0,350.0,532.0,276.0,358.0,1110.0,625.0,475.0,254.0,346.0,374.0,721.0,177.0,1383.0,1558.0,568.0,1281.0,735.0,1674.0,1843.0,1194.0,629.0,445.0,733.0,3267.0,2141.0,6780.0,3524.0,6780.0,6780.0,6780.0,6780.0,6780.0,6780.0,6780.0,6780.0
51.0,92.0,157.0,158.0,164.0,177.0,187.0,445.0,621.0,356.0,796.0,172.0,355.0,637.0,639.0,350.0,532.0,275.0,357.0,1110.0,625.0,473.0,254.0,346.0,374.0,627.0,176.0,1382.0,1558.0,564.0,1093.0,735.0,1674.0,1670.0,1192.0,627.0,444.0,732.0,3267.0,2141.0,4549.0,3524.0,6780.0,6780.0,6780.0,6780.0,6780.0,6780.0,6780.0,6780.0
50.0,85.0,156.0,158.0,164.0,176.0,186.0,445.0,621.0,355.0,792.0,172.0,355.0,637.0,639.0,350.0,532.0,275.0,357.0,1110.0,625.0,472.0,254.0,346.0,373.0,627.0,176.0,1380.0,1556.0,562.0,1093.0,735.0,1674.0,1666.0,1189.0,627.0,444.0,729.0,3266.0,2141.0,4549.0,3524.0,6780.0,6780.0,6780.0,6780.0,6780.0,6780.0,6780.0,6780.0
50.0,77.0,154.0,158.0,162.0,176.0,183.0,444.0,620.0,355.0,642.0,172.0,353.0,634.0,639.0,349.0,532.0,275.0,357.0,1109.0,625.0,472.0,253.0,345.0,373.0,627.0,176.0,1379.0,1556.0,561.0,1092.0,734.0,1670.0,1216.0,1188.0,626.0,444.0,729.0,3260.0,2140.0,4548.0,3523.0,6780.0,6780.0,6780.0,6780.0,6780.0,6780.0,6780.0,6780.0
49.0,75.0,151.0,158.0,161.0,175.0,183.0,443.0,620.0,355.0,557.0,172.0,353.0,633.0,639.0,349.0,532.0,275.0,357.0,1109.0,625.0,471.0,253.0,345.0,373.0,626.0,176.0,1379.0,1556.0,561.0,1092.0,734.0,1668.0,1200.0,1188.0,555.0,444.0,727.0,3259.0,2140.0,4548.0,3523.0,6780.0,6780.0,6780.0,6780.0,6780.0,6780.0,6780.0,6780.0
48.0,73.0,146.0,158.0,161.0,173.0,182.0,443.0,619.0,354.0,551.0,171.0,353.0,632.0,639.0,349.0,532.0,275.0,357.0,1108.0,625.0,471.0,253.0,345.0,373.0,626.0,176.0,1306.0,1555.0,560.0,1092.0,734.0,1668.0,1199.0,1188.0,546.0,444.0,726.0,3255.0,2140.0,4548.0,3523.0,6780.0,6780.0,6780.0,6780.0,6780.0,6780.0,6780.0,6780.0
47.0,72.0,137.0,158.0,160.0,173.0,179.0,441.0,619.0,353.0,548.0,171.0,352.0,631.0,639.0,349.0,524.0,275.0,357.0,1108.0,625.0,470.0,253.0,345.0,373.0,625.0,175.0,1304.0,1555.0,559.0,1033.0,734.0,1665.0,1197.0,1185.0,543.0,444.0,726.0,3249.0,2140.0,4547.0,3523.0,6780.0,6780.0,6780.0,6780.0,6780.0,6780.0,6780.0,6780.0
47.0,70.0,135.0,158.0,160.0,173.0,179.0,440.0,618.0,353.0,546.0,171.0,351.0,629.0,639.0,349.0,523.0,275.0,357.0,1108.0,625.0,468.0,252.0,344.0,372.0,625.0,174.0,1295.0,1553.0,557.0,1032.0,734.0,1306.0,1190.0,1110.0,539.0,444.0,725.0,3246.0,2139.0,4546.0,3523.0,6780.0,6780.0,6780.0,6780.0,6780.0,6780.0,6780.0,6780.0
47.0,69.0,133.0,158.0,160.0,172.0,178.0,439.0,615.0,353.0,544.0,171.0,350.0,533.0,639.0,348.0,517.0,274.0,357.0,1107.0,625.0,468.0,252.0,344.0,372.0,625.0,174.0,1281.0,1550.0,555.0,1029.0,734.0,1305.0,1000.0,1105.0,537.0,444.0,724.0,3240.0,2139.0,4546.0,3523.0,6780.0,6780.0,6780.0,6780.0,6780.0,6780.0,6780.0,6780.0
46.0,66.0,133.0,158.0,158.0,171.0,178.0,439.0,613.0,351.0,543.0,171.0,350.0,532.0,638.0,348.0,515.0,274.0,357.0,1107.0,625.0,467.0,252.0,344.0,372.0,625.0,173.0,1278.0,1550.0,547.0,1016.0,733.0,1304.0,999.0,1094.0,537.0,444.0,723.0,3239.0,2138.0,4358.0,3523.0,6780.0,6780.0,6780.0,6780.0,6780.0,6780.0,6780.0,6780.0
46.0,65.0,132.0,158.0,158.0,171.0,177.0,439.0,612.0,350.0,540.0,171.0,348.0,532.0,638.0,348.0,514.0,274.0,357.0,1106.0,625.0,465.0,252.0,344.0,372.0,625.0,173.0,1278.0,1410.0,475.0,1016.0,733.0,1302.0,999.0,1002.0,537.0,444.0,722.0,3239.0,2138.0,4302.0,3523.0,6780.0,6780.0,6780.0,6780.0,6780.0,6780.0,6780.0,6780.0
45.0,64.0,108.0,158.0,158.0,171.0,177.0,438.0,612.0,350.0,534.0,170.0,346.0,532.0,638.0,348.0,511.0,274.0,357.0,1106.0,624.0,464.0,252.0,285.0,372.0,625.0,173.0,1115.0,1404.0,475.0,1010.0,733.0,1300.0,720.0,931.0,536.0,443.0,722.0,2615.0,2138.0,4298.0,3522.0,6780.0,6780.0,6780.0,6780.0,6780.0,6780.0,6780.0,6780.0
45.0,63.0,108.0,158.0,158.0,171.0,177.0,438.0,607.0,350.0,534.0,170.0,345.0,532.0,638.0,347.0,476.0,274.0,357.0,1106.0,622.0,463.0,252.0,285.0,372.0,625.0,173.0,1113.0,1403.0,475.0,1007.0,733.0,1300.0,720.0,929.0,536.0,443.0,720.0,2612.0,2137.0,4288.0,3522.0,6780.0,6780.0,6780.0,6780.0,6780.0,6780.0,6780.0,6780.0
45.0,61.0,108.0,158.0,158.0,171.0,177.0,438.0,602.0,349.0,532.0,170.0,345.0,532.0,638.0,347.0,474.0,274.0,357.0,1105.0,621.0,462.0,252.0,285.0,372.0,625.0,173.0,938.0,1402.0,475.0,999.0,733.0,1300.0,719.0,929.0,535.0,443.0,718.0,2607.0,2137.0,4102.0,3521.0,6780.0,6780.0,6780.0,6780.0,6780.0,6780.0,6780.0,6780.0
45.0,61.0,104.0,158.0,158.0,170.0,177.0,438.0,601.0,349.0,532.0,170.0,345.0,532.0,638.0,347.0,474.0,273.0,357.0,1105.0,621.0,462.0,252.0,284.0,372.0,625.0,172.0,936.0,1401.0,474.0,442.0,733.0,1300.0,719.0,928.0,535.0,443.0,653.0,2526.0,2137.0,4099.0,3521.0,6780.0,6780.0,6780.0,6780.0,6780.0,6780.0,6780.0,6780.0
45.0,61.0,99.0,158.0,158.0,170.0,177.0,438.0,472.0,348.0,532.0,170.0,344.0,532.0,638.0,347.0,473.0,273.0,357.0,1105.0,616.0,460.0,252.0,284.0,372.0,625.0,172.0,933.0,1400.0,474.0,441.0,733.0,1298.0,718.0,928.0,534.0,443.0,644.0,2526.0,2137.0,4098.0,3521.0,6780.0,6780.0,6780.0,6780.0,6780.0,6780.0,6780.0,6780.0
44.0,60.0,85.0,158.0,158.0,170.0,176.0,288.0,470.0,348.0,531.0,170.0,344.0,532.0,638.0,347.0,472.0,273.0,356.0,1105.0,614.0,459.0,252.0,282.0,372.0,554.0,172.0,928.0,1400.0,473.0,439.0,733.0,1298.0,718.0,927.0,534.0,443.0,644.0,2522.0,2135.0,4097.0,3518.0,6780.0,6780.0,6780.0,6780.0,6780.0,6780.0,6780.0,6780.0
43.0,59.0,80.0,158.0,158.0,170.0,176.0,288.0,469.0,348.0,476.0,169.0,344.0,532.0,638.0,347.0,471.0,273.0,356.0,1104.0,612.0,458.0,252.0,281.0,371.0,546.0,172.0,928.0,1399.0,473.0,439.0,733.0,1298.0,718.0,927.0,532.0,443.0,627.0,2499.0,2135.0,4096.0,3332.0,6780.0,6780.0,6780.0,6780.0,6780.0,6780.0,6780.0,6780.0
42.0,59.0,77.0,158.0,158.0,169.0,176.0,288.0,461.0,348.0,476.0,169.0,344.0,532.0,638.0,347.0,469.0,273.0,356.0,1104.0,607.0,457.0,252.0,280.0,371.0,545.0,172.0,926.0,1399.0,473.0,439.0,733.0,1298.0,718.0,926.0,532.0,443.0,627.0,2494.0,2135.0,4091.0,3276.0,6780.0,6780.0,6780.0,6780.0,6780.0,6780.0,6780.0,6780.0
41.0,59.0,76.0,158.0,158.0,168.0,175.0,287.0,459.0,348.0,476.0,169.0,344.0,532.0,637.0,346.0,469.0,272.0,356.0,1103.0,375.0,457.0,252.0,280.0,371.0,539.0,172.0,924.0,1399.0,473.0,439.0,733.0,1297.0,664.0,925.0,532.0,443.0,626.0,2335.0,2135.0,4091.0,3276.0,6780.0,6780.0,6780.0,6780.0,6780.0,6780.0,6780.0,6780.0
41.0,58.0,75.0,158.0,158.0,167.0,174.0,287.0,457.0,346.0,475.0,169.0,288.0,532.0,637.0,346.0,462.0,271.0,356.0,1103.0,372.0,456.0,252.0,277.0,371.0,537.0,172.0,923.0,1399.0,473.0,438.0,733.0,1297.0,658.0,925.0,532.0,443.0,549.0,2335.0,2134.0,4088.0,3275.0,6780.0,6780.0,6780.0,6780.0,6780.0,6780.0,6780.0,6780.0
41.0,58.0,74.0,158.0,158.0,167.0,174.0,287.0,456.0,346.0,474.0,169.0,276.0,532.0,637.0,346.0,461.0,271.0,356.0,1103.0,372.0,454.0,252.0,275.0,370.0,537.0,172.0,920.0,1398.0,473.0,438.0,732.0,1297.0,658.0,925.0,532.0,443.0,549.0,2333.0,2133.0,3638.0,3273.0,6780.0,6780.0,6780.0,6780.0,6780.0,6780.0,6780.0,6780.0
40.0,56.0,73.0,158.0,158.0,166.0,173.0,287.0,453.0,346.0,474.0,169.0,264.0,532.0,637.0,346.0,459.0,270.0,356.0,1102.0,372.0,454.0,252.0,274.0,370.0,534.0,171.0,919.0,1398.0,472.0,438.0,732.0,1297.0,643.0,925.0,532.0,443.0,548.0,2330.0,2133.0,3631.0,3245.0,6780.0,6780.0,6780.0,6780.0,6780.0,6780.0,6780.0,6780.0
40.0,53.0,68.0,158.0,158.0,164.0,173.0,285.0,452.0,346.0,473.0,169.0,262.0,476.0,637.0,346.0,459.0,270.0,356.0,1102.0,371.0,453.0,252.0,270.0,370.0,473.0,171.0,914.0,1397.0,472.0,375.0,732.0,1295.0,641.0,924.0,532.0,443.0,548.0,2330.0,2133.0,3629.0,3244.0,6780.0,6780.0,6780.0,6780.0,6780.0,6780.0,6780.0,6780.0
40.0,53.0,68.0,140.0,158.0,163.0,173.0,285.0,452.0,345.0,472.0,168.0,261.0,474.0,637.0,346.0,458.0,268.0,355.0,1102.0,369.0,452.0,252.0,268.0,370.0,472.0,171.0,913.0,1397.0,472.0,359.0,732.0,1294.0,634.0,924.0,532.0,443.0,546.0,2328.0,2133.0,3342.0,2772.0,6780.0,6780.0,6780.0,6780.0,6780.0,6780.0,6780.0,6780.0
40.0,53.0,67.0,135.0,158.0,163.0,173.0,285.0,451.0,344.0,472.0,168.0,259.0,474.0,637.0,346.0,458.0,268.0,355.0,1102.0,369.0,452.0,252.0,268.0,370.0,470.0,171.0,912.0,1397.0,471.0,359.0,732.0,1293.0,633.0,924.0,532.0,443.0,546.0,2326.0,2133.0,3335.0,2502.0,6780.0,6780.0,6780.0,6780.0,6780.0,6780.0,6780.0,6780.0
39.0,52.0,66.0,134.0,158.0,162.0,172.0,285.0,451.0,344.0,472.0,168.0,255.0,473.0,637.0,346.0,458.0,268.0,355.0,1102.0,367.0,452.0,252.0,267.0,370.0,469.0,171.0,912.0,1397.0,471.0,359.0,732.0,1292.0,632.0,924.0,476.0,442.0,546.0,2323.0,2133.0,2881.0,2501.0,6780.0,6780.0,6780.0,6780.0,6780.0,6780.0,6780.0,6780.0
39.0,52.0,60.0,131.0,158.0,161.0,172.0,285.0,448.0,344.0,472.0,168.0,255.0,473.0,637.0,346.0,457.0,267.0,355.0,1100.0,366.0,451.0,252.0,265.0,370.0,467.0,171.0,911.0,1397.0,471.0,359.0,732.0,1291.0,632.0,924.0,476.0,442.0,545.0,2322.0,2132.0,2877.0,2498.0,6780.0,6780.0,6780.0,6780.0,6780.0,6780.0,6780.0,6780.0
39.0,52.0,59.0,129.0,158.0,160.0,172.0,285.0,446.0,344.0,471.0,168.0,254.0,473.0,637.0,345.0,457.0,267.0,355.0,1100.0,366.0,451.0,252.0,264.0,370.0,467.0,171.0,910.0,1397.0,471.0,358.0,731.0,1291.0,629.0,924.0,476.0,442.0,544.0,2321.0,2130.0,2876.0,2498.0,6780.0,6780.0,6780.0,6780.0,6780.0,6780.0,6780.0,6780.0
39.0,52.0,59.0,127.0,158.0,159.0,172.0,284.0,443.0,276.0,471.0,168.0,254.0,472.0,636.0,345.0,457.0,267.0,355.0,1100.0,365.0,451.0,252.0,263.0,369.0,466.0,171.0,910.0,1397.0,470.0,357.0,731.0,1289.0,628.0,924.0,476.0,442.0,544.0,2319.0,2130.0,2874.0,2496.0,6780.0,6780.0,6780.0,6780.0,6780.0,6780.0,6780.0,6780.0
39.0,51.0,58.0,126.0,158.0,158.0,172.0,284.0,442.0,273.0,471.0,168.0,254.0,472.0,636.0,345.0,457.0,267.0,355.0,1099.0,365.0,450.0,252.0,262.0,369.0,465.0,171.0,909.0,1397.0,470.0,355.0,731.0,1288.0,627.0,923.0,475.0,442.0,543.0,2319.0,2130.0,2873.0,2050.0,6780.0,6780.0,6780.0,6780.0,6780.0,6780.0,6780.0,6780.0
38.0,51.0,57.0,124.0,158.0,158.0,172.0,283.0,441.0,273.0,471.0,168.0,254.0,471.0,636.0,345.0,456.0,265.0,355.0,1099.0,365.0,450.0,251.0,262.0,369.0,465.0,171.0,908.0,1397.0,470.0,355.0,731.0,850.0,627.0,923.0,475.0,442.0,541.0,2319.0,2130.0,2871.0,2041.0,6780.0,6780.0,6780.0,6780.0,6780.0,6780.0,6780.0,6780.0
38.0,50.0,55.0,116.0,158.0,158.0,171.0,283.0,441.0,271.0,471.0,167.0,254.0,471.0,636.0,345.0,456.0,265.0,355.0,1099.0,364.0,450.0,251.0,262.0,369.0,465.0,171.0,905.0,1397.0,469.0,355.0,731.0,849.0,626.0,923.0,475.0,442.0,540.0,2318.0,2130.0,2870.0,2039.0,6780.0,6780.0,6780.0,6780.0,6780.0,6780.0,6780.0,6780.0
38.0,50.0,55.0,111.0,158.0,158.0,171.0,283.0,440.0,270.0,470.0,167.0,254.0,468.0,636.0,345.0,456.0,264.0,355.0,1097.0,363.0,449.0,249.0,261.0,369.0,463.0,171.0,905.0,1397.0,469.0,354.0,731.0,846.0,625.0,922.0,475.0,442.0,540.0,2317.0,2129.0,2868.0,2031.0,6780.0,6780.0,6780.0,6780.0,6780.0,6780.0,6780.0,6780.0
38.0,50.0,53.0,110.0,158.0,158.0,171.0,283.0,379.0,267.0,470.0,167.0,253.0,466.0,636.0,345.0,455.0,263.0,355.0,1097.0,363.0,449.0,248.0,260.0,369.0,461.0,171.0,905.0,1397.0,469.0,351.0,730.0,844.0,561.0,922.0,475.0,442.0,539.0,2317.0,2127.0,2868.0,2030.0,6780.0,6780.0,6780.0,6780.0,6780.0,6780.0,6780.0,6780.0
38.0,49.0,49.0,108.0,158.0,158.0,171.0,282.0,376.0,263.0,470.0,167.0,253.0,466.0,636.0,345.0,455.0,263.0,354.0,1097.0,363.0,448.0,247.0,258.0,368.0,459.0,171.0,752.0,1397.0,469.0,350.0,730.0,836.0,556.0,921.0,474.0,442.0,538.0,2317.0,2127.0,2868.0,1594.0,4094.0,6780.0,6780.0,6780.0,6780.0,6780.0,6780.0,6780.0
37.0,49.0,49.0,107.0,158.0,158.0,171.0,282.0,376.0,263.0,470.0,167.0,253.0,463.0,635.0,345.0,453.0,263.0,354.0,1096.0,363.0,448.0,246.0,258.0,368.0,459.0,170.0,750.0,1397.0,469.0,349.0,730.0,835.0,554.0,920.0,474.0,442.0,535.0,2316.0,2126.0,2866.0,1591.0,4081.0,6780.0,6780.0,6780.0,6780.0,6780.0,6780.0,6780.0
36.0,48.0,48.0,107.0,158.0,158.0,170.0,282.0,372.0,263.0,470.0,167.0,253.0,462.0,635.0,345.0,452.0,263.0,354.0,1096.0,363.0,447.0,246.0,258.0,368.0,455.0,170.0,464.0,1397.0,469.0,348.0,730.0,833.0,552.0,920.0,474.0,442.0,535.0,2314.0,2122.0,2776.0,1562.0,3636.0,6780.0,6780.0,6780.0,6780.0,6780.0,6780.0,6780.0
36.0,46.0,48.0,105.0,158.0,158.0,170.0,281.0,372.0,262.0,470.0,167.0,253.0,460.0,635.0,345.0,452.0,262.0,354.0,1095.0,363.0,447.0,246.0,258.0,368.0,452.0,170.0,462.0,1397.0,468.0,347.0,730.0,833.0,547.0,920.0,474.0,442.0,383.0,2312.0,2121.0,2774.0,1562.0,3635.0,6780.0,6780.0,6780.0,6780.0,6780.0,6780.0,6780.0
36.0,46.0,48.0,100.0,158.0,158.0,170.0,281.0,370.0,256.0,469.0,167.0,253.0,459.0,635.0,345.0,452.0,261.0,354.0,1094.0,361.0,447.0,245.0,258.0,368.0,452.0,170.0,459.0,1397.0,468.0,347.0,730.0,832.0,546.0,920.0,473.0,442.0,382.0,2312.0,2121.0,2708.0,1105.0,3634.0,6780.0,6780.0,6780.0,6780.0,6780.0,6780.0,6780.0
36.0,45.0,48.0,96.0,158.0,158.0,170.0,280.0,369.0,254.0,469.0,167.0,253.0,449.0,635.0,345.0,451.0,261.0,354.0,1094.0,361.0,446.0,245.0,258.0,368.0,449.0,170.0,458.0,1397.0,467.0,346.0,730.0,831.0,539.0,919.0,473.0,442.0,381.0,2311.0,2119.0,2707.0,924.0,2714.0,6780.0,6780.0,6780.0,6780.0,6780.0,6780.0,6780.0
36.0,45.0,48.0,95.0,158.0,158.0,169.0,279.0,368.0,253.0,469.0,166.0,253.0,382.0,635.0,345.0,450.0,261.0,354.0,1094.0,359.0,446.0,244.0,258.0,368.0,448.0,170.0,455.0,1397.0,467.0,346.0,729.0,830.0,536.0,918.0,472.0,441.0,379.0,2311.0,1873.0,2706.0,924.0,2710.0,6780.0,6780.0,6780.0,6780.0,6780.0,6780.0,6780.0
36.0,45.0,47.0,93.0,158.0,158.0,169.0,279.0,366.0,253.0,468.0,166.0,252.0,380.0,635.0,345.0,448.0,260.0,354.0,1094.0,358.0,446.0,244.0,258.0,367.0,446.0,170.0,455.0,1396.0,467.0,346.0,729.0,830.0,536.0,918.0,472.0,441.0,379.0,2310.0,1871.0,2706.0,924.0,2702.0,4551.0,6780.0,6780.0,6780.0,6780.0,6780.0,6780.0
36.0,44.0,47.0,88.0,158.0,158.0,168.0,278.0,365.0,252.0,468.0,166.0,252.0,377.0,635.0,345.0,446.0,260.0,354.0,1094.0,358.0,446.0,244.0,257.0,367.0,445.0,169.0,454.0,1396.0,467.0,346.0,728.0,830.0,536.0,918.0,472.0,441.0,378.0,2305.0,1866.0,1785.0,923.0,2216.0,4473.0,6780.0,6780.0,6780.0,6780.0,6780.0,6780.0
36.0,43.0,47.0,84.0,158.0,158.0,168.0,276.0,365.0,252.0,467.0,166.0,252.0,373.0,635.0,345.0,289.0,258.0,354.0,1094.0,357.0,446.0,243.0,257.0,367.0,443.0,169.0,452.0,1396.0,466.0,289.0,728.0,830.0,536.0,917.0,472.0,441.0,377.0,2305.0,1857.0,1783.0,922.0,1745.0,4465.0,6780.0,6780.0,6780.0,6780.0,6780.0,6780.0
36.0,42.0,45.0,74.0,151.0,158.0,168.0,276.0,364.0,252.0,467.0,166.0,252.0,372.0,634.0,345.0,288.0,258.0,353.0,1094.0,356.0,445.0,243.0,257.0,367.0,442.0,169.0,451.0,1396.0,466.0,288.0,726.0,830.0,536.0,917.0,472.0,441.0,377.0,2305.0,1855.0,1780.0,922.0,1689.0,4463.0,6780.0,6780.0,6780.0,6780.0,6780.0,6780.0
35.0,42.0,45.0,72.0,126.0,158.0,168.0,276.0,363.0,197.0,467.0,166.0,252.0,363.0,634.0,345.0,287.0,257.0,353.0,1093.0,356.0,445.0,242.0,257.0,366.0,442.0,169.0,450.0,1396.0,466.0,288.0,726.0,830.0,535.0,915.0,472.0,441.0,376.0,2214.0,1848.0,1779.0,921.0,1689.0,4363.0,6780.0,6780.0,6780.0,6780.0,6780.0,6780.0
35.0,40.0,45.0,72.0,112.0,158.0,167.0,276.0,362.0,196.0,467.0,165.0,252.0,357.0,634.0,345.0,287.0,257.0,353.0,1093.0,356.0,445.0,242.0,257.0,366.0,442.0,169.0,450.0,1396.0,466.0,288.0,725.0,829.0,534.0,915.0,472.0,441.0,376.0,2118.0,1840.0,1778.0,921.0,1689.0,4081.0,6780.0,6780.0,6780.0,6780.0,6780.0,6780.0
35.0,39.0,45.0,71.0,111.0,158.0,167.0,276.0,362.0,196.0,467.0,165.0,252.0,287.0,633.0,345.0,287.0,256.0,353.0,1093.0,356.0,444.0,242.0,257.0,366.0,442.0,169.0,449.0,1396.0,466.0,287.0,725.0,829.0,534.0,915.0,471.0,441.0,376.0,2118.0,1840.0,1777.0,921.0,1689.0,3456.0,6780.0,6780.0,6780.0,6780.0,6780.0,6780.0
35.0,38.0,45.0,68.0,110.0,158.0,167.0,275.0,361.0,195.0,466.0,165.0,252.0,284.0,633.0,345.0,285.0,256.0,353.0,1093.0,355.0,444.0,242.0,257.0,365.0,441.0,169.0,447.0,1396.0,465.0,287.0,725.0,829.0,534.0,915.0,471.0,441.0,376.0,2061.0,1291.0,1777.0,920.0,1689.0,3353.0,6780.0,6780.0,6780.0,6780.0,6780.0,6780.0
35.0,38.0,43.0,67.0,108.0,158.0,167.0,274.0,361.0,194.0,466.0,165.0,252.0,284.0,633.0,344.0,285.0,256.0,353.0,1093.0,354.0,443.0,241.0,256.0,365.0,440.0,169.0,445.0,1396.0,465.0,287.0,725.0,829.0,534.0,914.0,471.0,441.0,375.0,1781.0,1286.0,1776.0,920.0,1688.0,2797.0,6780.0,6780.0,6780.0,6780.0,6780.0,6780.0
35.0,36.0,42.0,65.0,108.0,158.0,166.0,273.0,358.0,194.0,466.0,165.0,252.0,283.0,633.0,344.0,284.0,255.0,352.0,1093.0,354.0,443.0,241.0,256.0,365.0,440.0,169.0,443.0,1396.0,465.0,287.0,725.0,829.0,534.0,913.0,471.0,440.0,375.0,1781.0,1284.0,1776.0,920.0,1688.0,2793.0,6780.0,6780.0,6780.0,6780.0,6780.0,6780.0
34.0,36.0,41.0,61.0,104.0,158.0,166.0,273.0,357.0,193.0,466.0,165.0,252.0,282.0,633.0,344.0,283.0,255.0,352.0,1093.0,353.0,442.0,241.0,256.0,365.0,439.0,169.0,442.0,1396.0,465.0,285.0,724.0,827.0,534.0,913.0,471.0,440.0,374.0,1780.0,1283.0,1774.0,920.0,1687.0,2792.0,6780.0,6780.0,6780.0,6780.0,6780.0,6780.0
34.0,36.0,40.0,59.0,98.0,158.0,165.0,273.0,357.0,193.0,466.0,165.0,252.0,282.0,633.0,342.0,282.0,255.0,352.0,1092.0,350.0,442.0,241.0,256.0,365.0,439.0,169.0,442.0,1395.0,465.0,285.0,723.0,827.0,534.0,912.0,471.0,440.0,374.0,1780.0,1283.0,1773.0,920.0,1687.0,2527.0,6780.0,6780.0,6780.0,6780.0,6780.0,6780.0
34.0,36.0,39.0,58.0,84.0,158.0,165.0,273.0,356.0,192.0,466.0,165.0,252.0,281.0,632.0,342.0,282.0,255.0,352.0,1092.0,350.0,442.0,241.0,256.0,364.0,438.0,169.0,442.0,1395.0,464.0,284.0,723.0,827.0,534.0,912.0,470.0,440.0,374.0,1778.0,1282.0,1772.0,919.0,1687.0,1941.0,6780.0,6780.0,6780.0,6780.0,6780.0,6780.0
34.0,36.0,38.0,58.0,79.0,158.0,165.0,273.0,356.0,191.0,465.0,165.0,252.0,281.0,632.0,342.0,282.0,255.0,352.0,1092.0,349.0,441.0,240.0,256.0,364.0,438.0,169.0,442.0,1395.0,464.0,283.0,722.0,827.0,534.0,910.0,470.0,440.0,373.0,1777.0,1221.0,1772.0,919.0,1687.0,1934.0,6780.0,6780.0,6780.0,2978.0,6780.0,6780.0
33.0,36.0,38.0,58.0,77.0,156.0,165.0,272.0,356.0,190.0,465.0,165.0,252.0,280.0,632.0,341.0,281.0,254.0,352.0,1092.0,349.0,441.0,240.0,256.0,364.0,438.0,169.0,442.0,1394.0,463.0,282.0,721.0,827.0,533.0,910.0,469.0,440.0,373.0,1772.0,1220.0,1771.0,919.0,1687.0,1932.0,6780.0,6780.0,6780.0,2976.0,6780.0,6780.0
33.0,36.0,37.0,57.0,71.0,155.0,165.0,272.0,356.0,190.0,465.0,164.0,252.0,280.0,632.0,341.0,280.0,254.0,351.0,1092.0,349.0,440.0,238.0,256.0,364.0,438.0,168.0,441.0,1394.0,463.0,281.0,721.0,826.0,533.0,909.0,469.0,439.0,373.0,1765.0,1214.0,1771.0,919.0,1687.0,1591.0,6780.0,6780.0,6780.0,2786.0,6780.0,6780.0
33.0,36.0,36.0,56.0,69.0,155.0,164.0,272.0,356.0,190.0,465.0,164.0,252.0,279.0,632.0,341.0,279.0,254.0,351.0,1089.0,348.0,440.0,238.0,256.0,364.0,438.0,168.0,441.0,1393.0,463.0,281.0,721.0,825.0,533.0,909.0,469.0,439.0,373.0,1763.0,1206.0,1771.0,919.0,1686.0,1591.0,6780.0,6780.0,6780.0,2778.0,6780.0,6780.0
33.0,35.0,36.0,54.0,65.0,153.0,164.0,272.0,355.0,189.0,465.0,164.0,252.0,279.0,632.0,339.0,279.0,254.0,351.0,1087.0,348.0,440.0,238.0,256.0,364.0,438.0,168.0,441.0,1393.0,463.0,281.0,720.0,825.0,533.0,909.0,468.0,439.0,372.0,1763.0,1202.0,1771.0,919.0,1686.0,1585.0,6780.0,6780.0,6780.0,2776.0,6780.0,6780.0
33.0,35.0,36.0,52.0,62.0,152.0,164.0,272.0,354.0,189.0,465.0,164.0,252.0,278.0,632.0,338.0,279.0,254.0,350.0,1087.0,348.0,440.0,237.0,256.0,364.0,438.0,168.0,441.0,1391.0,463.0,281.0,720.0,824.0,533.0,909.0,468.0,439.0,372.0,1762.0,1202.0,1771.0,919.0,1686.0,1584.0,6780.0,6780.0,6780.0,2714.0,6780.0,6780.0
32.0,35.0,36.0,52.0,61.0,142.0,163.0,272.0,353.0,188.0,464.0,164.0,252.0,277.0,632.0,338.0,279.0,254.0,350.0,1086.0,348.0,439.0,237.0,255.0,364.0,438.0,168.0,441.0,1390.0,463.0,280.0,720.0,824.0,533.0,909.0,468.0,438.0,372.0,1760.0,1201.0,1770.0,918.0,1686.0,1579.0,6780.0,6780.0,6780.0,2713.0,6780.0,6780.0
32.0,35.0,36.0,50.0,60.0,142.0,163.0,271.0,352.0,188.0,464.0,163.0,252.0,275.0,632.0,337.0,278.0,254.0,350.0,1084.0,347.0,439.0,236.0,255.0,364.0,437.0,168.0,441.0,1388.0,463.0,280.0,720.0,824.0,532.0,908.0,468.0,438.0,372.0,1752.0,1201.0,1770.0,918.0,1686.0,1577.0,6780.0,6780.0,6780.0,2708.0,6780.0,6780.0
32.0,34.0,35.0,49.0,58.0,141.0,162.0,271.0,352.0,188.0,464.0,163.0,252.0,274.0,632.0,337.0,278.0,253.0,350.0,1081.0,347.0,439.0,236.0,255.0,363.0,435.0,168.0,441.0,1385.0,462.0,279.0,719.0,824.0,532.0,908.0,468.0,438.0,371.0,1751.0,1200.0,1768.0,917.0,1686.0,1503.0,6780.0,6780.0,6780.0,2524.0,6780.0,6780.0
31.0,34.0,34.0,47.0,58.0,140.0,162.0,271.0,351.0,187.0,464.0,163.0,252.0,274.0,629.0,337.0,277.0,253.0,350.0,1079.0,347.0,439.0,236.0,255.0,363.0,434.0,167.0,441.0,1382.0,462.0,279.0,719.0,824.0,532.0,907.0,467.0,438.0,370.0,1750.0,1200.0,1768.0,916.0,1685.0,1491.0,4671.0,6780.0,6780.0,2521.0,6780.0,6780.0
31.0,34.0,34.0,45.0,56.0,140.0,162.0,271.0,350.0,186.0,463.0,162.0,252.0,269.0,628.0,337.0,277.0,253.0,350.0,1078.0,347.0,439.0,236.0,255.0,363.0,432.0,167.0,440.0,1382.0,462.0,278.0,719.0,824.0,532.0,906.0,467.0,438.0,370.0,1749.0,1200.0,1768.0,915.0,1685.0,1491.0,4668.0,6780.0,6780.0,2436.0,6780.0,6780.0
31.0,34.0,34.0,42.0,52.0,138.0,162.0,270.0,350.0,186.0,462.0,162.0,252.0,269.0,628.0,336.0,276.0,253.0,349.0,1076.0,347.0,439.0,236.0,255.0,363.0,432.0,167.0,440.0,1314.0,462.0,277.0,718.0,823.0,532.0,898.0,467.0,438.0,370.0,1749.0,1199.0,1766.0,915.0,1683.0,1112.0,4641.0,6780.0,6780.0,2436.0,6780.0,6780.0
31.0,34.0,34.0,42.0,52.0,132.0,162.0,270.0,350.0,185.0,462.0,162.0,252.0,268.0,628.0,335.0,276.0,253.0,349.0,1069.0,347.0,438.0,235.0,255.0,363.0,431.0,166.0,440.0,1301.0,462.0,277.0,564.0,823.0,532.0,890.0,466.0,438.0,369.0,1749.0,1199.0,1766.0,914.0,1681.0,1108.0,4579.0,6780.0,6780.0,2433.0,6780.0,6780.0
31.0,33.0,34.0,39.0,52.0,118.0,162.0,270.0,349.0,185.0,462.0,162.0,252.0,268.0,628.0,334.0,275.0,253.0,349.0,1068.0,347.0,438.0,235.0,254.0,363.0,431.0,166.0,440.0,1298.0,461.0,276.0,561.0,823.0,532.0,890.0,466.0,436.0,369.0,1749.0,1198.0,1766.0,913.0,1680.0,1106.0,3985.0,6780.0,6780.0,2231.0,6780.0,6780.0
30.0,33.0,33.0,38.0,52.0,108.0,162.0,269.0,348.0,184.0,462.0,162.0,252.0,267.0,627.0,334.0,275.0,252.0,349.0,1066.0,346.0,345.0,235.0,254.0,363.0,429.0,166.0,440.0,1298.0,461.0,276.0,561.0,823.0,532.0,884.0,466.0,381.0,367.0,1749.0,1198.0,1766.0,906.0,1193.0,1106.0,3906.0,6780.0,4747.0,2050.0,6780.0,6780.0
30.0,33.0,33.0,37.0,51.0,105.0,162.0,269.0,348.0,184.0,462.0,162.0,252.0,267.0,627.0,333.0,275.0,252.0,349.0,1066.0,346.0,284.0,234.0,254.0,363.0,429.0,166.0,440.0,1298.0,461.0,276.0,561.0,822.0,532.0,884.0,465.0,366.0,366.0,1560.0,1198.0,1765.0,906.0,1023.0,1104.0,3906.0,6780.0,4741.0,2040.0,6780.0,6780.0
30.0,33.0,33.0,37.0,51.0,99.0,162.0,268.0,347.0,184.0,461.0,162.0,252.0,264.0,627.0,332.0,274.0,252.0,348.0,1065.0,346.0,271.0,234.0,254.0,363.0,428.0,166.0,439.0,1298.0,461.0,275.0,561.0,821.0,532.0,883.0,465.0,359.0,366.0,1291.0,1198.0,1765.0,752.0,1020.0,1099.0,3906.0,6780.0,3926.0,1770.0,6780.0,6780.0
30.0,32.0,33.0,36.0,50.0,93.0,162.0,268.0,346.0,184.0,461.0,161.0,252.0,263.0,627.0,332.0,274.0,252.0,348.0,1061.0,346.0,269.0,233.0,254.0,363.0,427.0,165.0,439.0,1297.0,460.0,274.0,561.0,820.0,532.0,662.0,465.0,357.0,366.0,1281.0,1198.0,1764.0,752.0,1017.0,1099.0,3905.0,6780.0,3923.0,1769.0,6780.0,6780.0
30.0,32.0,33.0,36.0,47.0,86.0,162.0,267.0,346.0,182.0,461.0,161.0,252.0,263.0,627.0,332.0,273.0,252.0,348.0,1000.0,346.0,197.0,233.0,254.0,363.0,426.0,165.0,439.0,1297.0,460.0,274.0,560.0,820.0,532.0,660.0,464.0,356.0,366.0,1281.0,1198.0,1764.0,748.0,1017.0,1099.0,3904.0,6780.0,3339.0,1768.0,6780.0,6780.0
30.0,32.0,33.0,36.0,46.0,85.0,161.0,266.0,346.0,182.0,461.0,161.0,199.0,263.0,626.0,332.0,273.0,252.0,348.0,718.0,346.0,196.0,232.0,254.0,363.0,425.0,165.0,439.0,1297.0,460.0,274.0,560.0,819.0,532.0,659.0,464.0,354.0,365.0,1281.0,1197.0,1764.0,745.0,1013.0,1098.0,3901.0,6780.0,3339.0,1767.0,6780.0,6780.0
30.0,32.0,33.0,36.0,45.0,85.0,161.0,266.0,346.0,182.0,461.0,161.0,196.0,263.0,625.0,331.0,273.0,251.0,347.0,718.0,346.0,195.0,232.0,254.0,363.0,422.0,164.0,439.0,1296.0,459.0,273.0,560.0,757.0,532.0,656.0,464.0,354.0,365.0,1281.0,1197.0,1763.0,745.0,1012.0,1098.0,3897.0,6780.0,3338.0,1766.0,4750.0,6780.0
30.0,32.0,33.0,36.0,43.0,81.0,161.0,266.0,345.0,182.0,460.0,161.0,194.0,260.0,564.0,331.0,272.0,251.0,347.0,718.0,345.0,195.0,232.0,253.0,363.0,420.0,164.0,439.0,1295.0,459.0,273.0,560.0,755.0,532.0,651.0,464.0,353.0,364.0,1280.0,1197.0,1763.0,742.0,1012.0,1097.0,3896.0,6780.0,3338.0,1765.0,4747.0,6780.0
29.0,31.0,33.0,36.0,42.0,74.0,161.0,265.0,345.0,182.0,459.0,161.0,194.0,259.0,561.0,331.0,272.0,251.0,347.0,718.0,345.0,194.0,231.0,253.0,363.0,416.0,163.0,439.0,1283.0,459.0,272.0,559.0,753.0,532.0,648.0,464.0,353.0,364.0,1280.0,1196.0,1763.0,740.0,1011.0,1097.0,3894.0,4172.0,3335.0,1765.0,4747.0,6780.0
29.0,31.0,33.0,36.0,41.0,72.0,160.0,265.0,345.0,182.0,459.0,161.0,193.0,258.0,560.0,331.0,270.0,251.0,347.0,718.0,345.0,190.0,231.0,253.0,363.0,288.0,163.0,439.0,1280.0,459.0,272.0,559.0,732.0,532.0,648.0,464.0,353.0,364.0,1279.0,1196.0,1762.0,739.0,1009.0,1097.0,2897.0,3823.0,2413.0,1764.0,4747.0,6780.0
29.0,31.0,32.0,36.0,39.0,71.0,160.0,265.0,345.0,181.0,459.0,161.0,193.0,257.0,560.0,330.0,270.0,251.0,346.0,718.0,345.0,190.0,231.0,253.0,363.0,285.0,163.0,439.0,925.0,458.0,272.0,559.0,731.0,532.0,647.0,462.0,352.0,363.0,1278.0,1195.0,1762.0,738.0,1007.0,1097.0,2896.0,3822.0,2406.0,1763.0,4746.0,6780.0
29.0,31.0,32.0,35.0,39.0,67.0,159.0,265.0,345.0,181.0,459.0,161.0,193.0,257.0,560.0,330.0,270.0,251.0,346.0,718.0,345.0,190.0,231.0,253.0,363.0,285.0,163.0,438.0,819.0,458.0,271.0,558.0,731.0,532.0,645.0,462.0,352.0,363.0,1191.0,1195.0,1761.0,738.0,1007.0,1097.0,2895.0,3628.0,2404.0,1763.0,4744.0,6780.0
29.0,31.0,32.0,35.0,39.0,62.0,159.0,264.0,345.0,181.0,459.0,161.0,193.0,257.0,558.0,330.0,270.0,251.0,346.0,718.0,345.0,188.0,230.0,253.0,363.0,282.0,163.0,438.0,660.0,458.0,271.0,556.0,654.0,532.0,645.0,462.0,352.0,363.0,1187.0,1195.0,1760.0,737.0,1005.0,1096.0,2894.0,3618.0,2400.0,1763.0,4735.0,6780.0
29.0,31.0,32.0,35.0,37.0,62.0,159.0,264.0,345.0,181.0,457.0,161.0,191.0,256.0,557.0,330.0,268.0,251.0,346.0,663.0,345.0,187.0,230.0,253.0,363.0,282.0,163.0,438.0,659.0,457.0,271.0,556.0,637.0,532.0,644.0,462.0,347.0,363.0,1127.0,1195.0,1759.0,736.0,1003.0,1096.0,2893.0,3617.0,2399.0,1762.0,4734.0,6780.0
29.0,31.0,32.0,34.0,37.0,61.0,159.0,264.0,345.0,181.0,457.0,161.0,191.0,256.0,556.0,330.0,267.0,251.0,345.0,661.0,345.0,186.0,230.0,253.0,362.0,282.0,162.0,438.0,655.0,457.0,271.0,554.0,635.0,532.0,643.0,461.0,287.0,362.0,1126.0,1194.0,1758.0,735.0,1003.0,1095.0,2893.0,3617.0,1968.0,1762.0,4565.0,6780.0
29.0,30.0,32.0,34.0,37.0,61.0,159.0,264.0,345.0,180.0,457.0,161.0,190.0,255.0,555.0,330.0,267.0,197.0,345.0,660.0,345.0,186.0,229.0,252.0,362.0,281.0,162.0,438.0,654.0,456.0,270.0,554.0,630.0,532.0,643.0,461.0,286.0,362.0,1125.0,1193.0,1758.0,735.0,1002.0,1095.0,2890.0,3616.0,1966.0,1761.0,4560.0,6780.0
28.0,30.0,32.0,34.0,37.0,60.0,159.0,263.0,194.0,180.0,457.0,161.0,190.0,254.0,554.0,329.0,267.0,196.0,345.0,658.0,345.0,184.0,229.0,252.0,362.0,280.0,162.0,438.0,653.0,456.0,270.0,554.0,629.0,531.0,643.0,461.0,284.0,361.0,1123.0,1191.0,1758.0,734.0,1001.0,1095.0,2889.0,3614.0,1965.0,1759.0,4558.0,6780.0
28.0,30.0,31.0,34.0,36.0,59.0,158.0,263.0,194.0,180.0,457.0,161.0,189.0,253.0,552.0,329.0,267.0,195.0,345.0,658.0,345.0,184.0,229.0,252.0,362.0,279.0,162.0,438.0,653.0,455.0,270.0,552.0,628.0,530.0,643.0,460.0,282.0,361.0,1122.0,1190.0,1758.0,734.0,1000.0,1095.0,2889.0,3552.0,1965.0,1757.0,4558.0,6780.0
28.0,30.0,31.0,33.0,36.0,59.0,158.0,262.0,194.0,180.0,457.0,161.0,189.0,253.0,550.0,329.0,266.0,193.0,345.0,658.0,345.0,184.0,228.0,252.0,362.0,279.0,162.0,438.0,652.0,455.0,270.0,552.0,625.0,530.0,642.0,460.0,279.0,360.0,1115.0,1189.0,1758.0,733.0,1000.0,1095.0,2888.0,3547.0,1964.0,1753.0,4556.0,6780.0
28.0,30.0,31.0,33.0,36.0,56.0,158.0,262.0,192.0,180.0,456.0,160.0,189.0,253.0,548.0,329.0,266.0,193.0,345.0,657.0,345.0,184.0,228.0,252.0,362.0,278.0,161.0,438.0,649.0,455.0,270.0,552.0,467.0,529.0,642.0,460.0,276.0,360.0,1111.0,1189.0,1758.0,730.0,1000.0,1094.0,2882.0,3542.0,1961.0,1752.0,4549.0,6780.0
28.0,30.0,31.0,33.0,36.0,55.0,158.0,262.0,191.0,180.0,456.0,160.0,188.0,252.0,547.0,329.0,266.0,188.0,345.0,657.0,345.0,183.0,228.0,252.0,362.0,277.0,161.0,438.0,649.0,455.0,269.0,551.0,467.0,528.0,642.0,460.0,276.0,360.0,1107.0,1189.0,1758.0,725.0,1000.0,1094.0,2876.0,3459.0,1960.0,1751.0,4549.0,6780.0
28.0,30.0,31.0,32.0,36.0,55.0,158.0,261.0,191.0,180.0,456.0,160.0,188.0,252.0,547.0,329.0,266.0,185.0,345.0,656.0,345.0,182.0,228.0,252.0,362.0,277.0,161.0,438.0,649.0,454.0,269.0,549.0,463.0,527.0,641.0,459.0,273.0,359.0,1098.0,1189.0,1757.0,725.0,999.0,1094.0,2308.0,3437.0,1958.0,1750.0,4548.0,6780.0
27.0,30.0,31.0,32.0,35.0,55.0,158.0,261.0,190.0,180.0,456.0,160.0,188.0,252.0,547.0,329.0,265.0,185.0,345.0,656.0,344.0,182.0,228.0,252.0,361.0,275.0,161.0,438.0,645.0,454.0,269.0,547.0,381.0,527.0,640.0,457.0,272.0,359.0,1096.0,1189.0,1757.0,724.0,999.0,1094.0,2308.0,3433.0,1958.0,1750.0,4548.0,6780.0
27.0,30.0,31.0,32.0,35.0,53.0,158.0,261.0,190.0,179.0,456.0,160.0,187.0,190.0,546.0,328.0,265.0,185.0,345.0,654.0,344.0,181.0,227.0,252.0,361.0,274.0,161.0,438.0,645.0,453.0,269.0,545.0,378.0,526.0,640.0,457.0,272.0,359.0,1094.0,1189.0,1757.0,723.0,999.0,1093.0,2308.0,3432.0,1688.0,1748.0,4546.0,6780.0
27.0,29.0,30.0,32.0,35.0,53.0,158.0,260.0,190.0,179.0,456.0,160.0,187.0,189.0,546.0,328.0,265.0,185.0,345.0,654.0,344.0,180.0,199.0,252.0,361.0,274.0,160.0,438.0,643.0,453.0,269.0,545.0,376.0,525.0,638.0,457.0,269.0,359.0,1092.0,1189.0,1757.0,722.0,998.0,1093.0,2308.0,1680.0,1491.0,1747.0,3833.0,6780.0
27.0,29.0,30.0,32.0,35.0,49.0,158.0,260.0,189.0,178.0,455.0,160.0,186.0,188.0,546.0,327.0,265.0,181.0,345.0,654.0,344.0,178.0,198.0,252.0,361.0,272.0,160.0,438.0,643.0,453.0,269.0,544.0,376.0,524.0,634.0,457.0,268.0,358.0,1092.0,1188.0,1757.0,721.0,998.0,1092.0,2307.0,1653.0,1474.0,1745.0,3441.0,6780.0
27.0,29.0,30.0,32.0,35.0,45.0,158.0,260.0,188.0,178.0,455.0,160.0,186.0,187.0,546.0,327.0,265.0,181.0,292.0,654.0,344.0,178.0,196.0,252.0,361.0,272.0,160.0,438.0,643.0,453.0,269.0,544.0,369.0,523.0,632.0,457.0,268.0,357.0,830.0,1188.0,1756.0,721.0,910.0,1092.0,2307.0,1653.0,1472.0,1673.0,3435.0,6780.0
26.0,29.0,30.0,32.0,35.0,45.0,158.0,259.0,188.0,178.0,455.0,160.0,185.0,187.0,545.0,327.0,265.0,181.0,288.0,653.0,344.0,177.0,196.0,252.0,361.0,271.0,160.0,438.0,642.0,452.0,269.0,544.0,366.0,521.0,630.0,456.0,266.0,357.0,827.0,1187.0,1756.0,721.0,662.0,1092.0,2307.0,1577.0,1472.0,1094.0,3434.0,6780.0
26.0,29.0,30.0,32.0,34.0,40.0,158.0,259.0,188.0,178.0,455.0,159.0,185.0,184.0,544.0,326.0,264.0,180.0,285.0,653.0,344.0,176.0,195.0,252.0,361.0,270.0,159.0,438.0,642.0,452.0,268.0,544.0,360.0,520.0,630.0,456.0,266.0,357.0,825.0,1187.0,1755.0,718.0,566.0,834.0,2306.0,1575.0,1471.0,629.0,3431.0,6780.0
26.0,28.0,30.0,32.0,34.0,39.0,158.0,259.0,188.0,177.0,455.0,159.0,185.0,183.0,544.0,325.0,264.0,180.0,282.0,652.0,344.0,175.0,194.0,252.0,361.0,269.0,159.0,438.0,642.0,452.0,268.0,543.0,356.0,520.0,629.0,453.0,266.0,356.0,659.0,1187.0,1755.0,657.0,562.0,833.0,2306.0,1574.0,1471.0,463.0,3430.0,6780.0
25.0,28.0,30.0,32.0,34.0,38.0,158.0,259.0,187.0,177.0,455.0,159.0,184.0,182.0,544.0,324.0,264.0,180.0,281.0,652.0,344.0,175.0,194.0,252.0,361.0,269.0,159.0,438.0,642.0,452.0,268.0,543.0,352.0,518.0,629.0,453.0,265.0,356.0,655.0,1187.0,1755.0,648.0,558.0,831.0,1690.0,1574.0,1470.0,463.0,3430.0,6780.0
25.0,28.0,30.0,31.0,34.0,37.0,158.0,259.0,187.0,177.0,455.0,159.0,183.0,180.0,541.0,324.0,264.0,179.0,280.0,650.0,344.0,175.0,194.0,252.0,360.0,268.0,159.0,438.0,642.0,452.0,268.0,542.0,350.0,518.0,629.0,452.0,265.0,356.0,655.0,1187.0,1754.0,647.0,556.0,829.0,1689.0,1574.0,1469.0,462.0,3361.0,6780.0
25.0,27.0,29.0,31.0,34.0,37.0,158.0,258.0,187.0,177.0,455.0,159.0,183.0,178.0,541.0,324.0,264.0,179.0,279.0,650.0,288.0,174.0,193.0,252.0,360.0,268.0,159.0,438.0,641.0,451.0,267.0,542.0,345.0,515.0,628.0,451.0,265.0,355.0,652.0,1187.0,1754.0,536.0,555.0,828.0,1688.0,1573.0,1469.0,460.0,2686.0,6780.0
25.0,27.0,29.0,31.0,33.0,36.0,158.0,258.0,186.0,177.0,454.0,159.0,182.0,178.0,541.0,324.0,264.0,176.0,277.0,647.0,275.0,174.0,193.0,252.0,360.0,267.0,159.0,431.0,638.0,451.0,267.0,542.0,287.0,513.0,628.0,451.0,264.0,355.0,652.0,1186.0,1754.0,475.0,463.0,827.0,1688.0,1572.0,1468.0,460.0,2526.0,6780.0
25.0,27.0,28.0,30.0,33.0,36.0,158.0,258.0,186.0,177.0,454.0,159.0,182.0,177.0,541.0,323.0,263.0,175.0,276.0,645.0,275.0,173.0,193.0,252.0,360.0,267.0,159.0,430.0,637.0,451.0,267.0,542.0,276.0,509.0,628.0,451.0,264.0,355.0,652.0,1186.0,1754.0,474.0,462.0,827.0,1685.0,1572.0,1468.0,458.0,2521.0,6780.0
25.0,27.0,28.0,30.0,33.0,36.0,158.0,257.0,186.0,176.0,454.0,159.0,181.0,176.0,540.0,323.0,263.0,175.0,276.0,642.0,272.0,173.0,192.0,252.0,360.0,266.0,159.0,429.0,635.0,451.0,266.0,541.0,254.0,507.0,628.0,450.0,260.0,355.0,650.0,1186.0,1753.0,474.0,458.0,827.0,1685.0,1571.0,928.0,458.0,2520.0,6780.0
25.0,27.0,28.0,30.0,33.0,36.0,158.0,257.0,186.0,176.0,454.0,159.0,181.0,176.0,540.0,323.0,263.0,174.0,273.0,641.0,272.0,173.0,191.0,252.0,360.0,264.0,159.0,423.0,635.0,451.0,266.0,540.0,253.0,473.0,627.0,450.0,257.0,355.0,649.0,1186.0,1753.0,473.0,457.0,827.0,1671.0,1571.0,651.0,457.0,2518.0,6780.0
24.0,27.0,28.0,30.0,33.0,35.0,126.0,257.0,186.0,176.0,454.0,159.0,181.0,176.0,539.0,322.0,263.0,174.0,272.0,637.0,271.0,173.0,191.0,252.0,359.0,264.0,159.0,418.0,635.0,451.0,266.0,540.0,196.0,471.0,627.0,449.0,257.0,355.0,649.0,1186.0,1753.0,473.0,454.0,827.0,1671.0,1570.0,647.0,456.0,2517.0,6780.0
24.0,27.0,28.0,29.0,32.0,34.0,94.0,256.0,185.0,176.0,453.0,158.0,181.0,175.0,538.0,322.0,263.0,173.0,271.0,637.0,271.0,173.0,190.0,252.0,358.0,263.0,159.0,411.0,634.0,451.0,266.0,540.0,193.0,466.0,627.0,448.0,256.0,354.0,648.0,1185.0,1753.0,473.0,452.0,827.0,1671.0,1570.0,646.0,455.0,2516.0,6780.0
24.0,26.0,28.0,29.0,32.0,34.0,87.0,256.0,185.0,175.0,453.0,158.0,180.0,175.0,537.0,322.0,263.0,173.0,271.0,637.0,271.0,172.0,190.0,252.0,358.0,263.0,158.0,384.0,634.0,451.0,266.0,539.0,192.0,379.0,627.0,448.0,256.0,354.0,648.0,1185.0,1752.0,471.0,451.0,826.0,1669.0,1568.0,644.0,455.0,2507.0,6780.0
24.0,26.0,27.0,29.0,32.0,33.0,86.0,255.0,185.0,175.0,453.0,158.0,180.0,175.0,536.0,321.0,262.0,172.0,268.0,636.0,270.0,172.0,189.0,252.0,358.0,261.0,158.0,383.0,634.0,450.0,266.0,539.0,183.0,376.0,627.0,448.0,256.0,354.0,647.0,1185.0,1752.0,471.0,450.0,826.0,1669.0,1568.0,641.0,454.0,2505.0,6780.0
23.0,26.0,26.0,29.0,32.0,33.0,84.0,255.0,184.0,175.0,452.0,158.0,179.0,174.0,535.0,289.0,262.0,171.0,268.0,636.0,269.0,171.0,189.0,252.0,358.0,261.0,158.0,381.0,633.0,450.0,265.0,537.0,182.0,375.0,627.0,448.0,256.0,354.0,646.0,1185.0,1752.0,471.0,450.0,825.0,1669.0,1568.0,630.0,454.0,2504.0,6780.0
23.0,26.0,26.0,28.0,31.0,33.0,73.0,255.0,184.0,175.0,452.0,158.0,179.0,173.0,534.0,289.0,262.0,171.0,265.0,635.0,268.0,171.0,188.0,250.0,358.0,260.0,158.0,381.0,633.0,450.0,264.0,537.0,182.0,369.0,626.0,448.0,256.0,353.0,646.0,1185.0,1752.0,470.0,449.0,823.0,1658.0,1567.0,629.0,454.0,2503.0,4490.0
23.0,25.0,26.0,28.0,31.0,33.0,69.0,254.0,184.0,175.0,452.0,158.0,179.0,173.0,532.0,288.0,262.0,171.0,262.0,635.0,266.0,170.0,188.0,249.0,357.0,259.0,158.0,381.0,632.0,449.0,264.0,536.0,178.0,364.0,626.0,447.0,256.0,352.0,645.0,1184.0,1752.0,469.0,449.0,821.0,1658.0,1566.0,629.0,454.0,2500.0,4461.0
23.0,25.0,26.0,28.0,31.0,33.0,60.0,254.0,184.0,175.0,452.0,158.0,178.0,173.0,532.0,287.0,261.0,169.0,262.0,635.0,264.0,170.0,188.0,248.0,357.0,259.0,158.0,380.0,632.0,449.0,264.0,536.0,178.0,363.0,626.0,447.0,256.0,351.0,644.0,1023.0,1752.0,469.0,448.0,821.0,1490.0,1566.0,629.0,449.0,2499.0,4191.0
23.0,25.0,26.0,27.0,31.0,33.0,60.0,254.0,184.0,174.0,452.0,158.0,178.0,172.0,532.0,284.0,261.0,169.0,259.0,632.0,262.0,169.0,187.0,248.0,357.0,259.0,158.0,380.0,632.0,449.0,264.0,536.0,177.0,363.0,625.0,446.0,256.0,351.0,644.0,1018.0,1751.0,469.0,448.0,820.0,1490.0,1565.0,627.0,445.0,2498.0,4186.0
22.0,25.0,26.0,27.0,31.0,33.0,60.0,253.0,183.0,174.0,451.0,158.0,178.0,172.0,532.0,284.0,261.0,169.0,259.0,629.0,262.0,169.0,187.0,247.0,355.0,258.0,158.0,380.0,631.0,448.0,263.0,535.0,176.0,354.0,625.0,446.0,255.0,349.0,644.0,1018.0,1751.0,467.0,446.0,820.0,1487.0,1560.0,627.0,444.0,2495.0,4176.0
22.0,24.0,26.0,27.0,30.0,33.0,59.0,253.0,183.0,174.0,451.0,158.0,178.0,172.0,532.0,283.0,261.0,168.0,259.0,570.0,261.0,168.0,187.0,246.0,353.0,257.0,158.0,380.0,630.0,447.0,263.0,534.0,176.0,353.0,625.0,446.0,255.0,348.0,642.0,1016.0,1751.0,467.0,445.0,819.0,1487.0,1480.0,627.0,444.0,2493.0,4090.0
22.0,24.0,25.0,27.0,30.0,33.0,58.0,253.0,181.0,174.0,451.0,158.0,177.0,172.0,532.0,282.0,261.0,167.0,258.0,568.0,261.0,168.0,186.0,246.0,353.0,256.0,158.0,379.0,629.0,447.0,263.0,534.0,176.0,348.0,625.0,444.0,255.0,347.0,641.0,1016.0,1750.0,466.0,445.0,817.0,1487.0,1105.0,626.0,444.0,2420.0,3647.0
22.0,24.0,25.0,26.0,30.0,32.0,57.0,253.0,181.0,174.0,451.0,158.0,177.0,171.0,532.0,282.0,261.0,167.0,256.0,457.0,260.0,167.0,186.0,246.0,352.0,256.0,158.0,378.0,628.0,446.0,262.0,532.0,175.0,346.0,625.0,444.0,255.0,347.0,640.0,1012.0,1749.0,465.0,443.0,816.0,1480.0,1104.0,626.0,443.0,2400.0,3364.0
21.0,23.0,24.0,26.0,30.0,32.0,55.0,253.0,181.0,174.0,450.0,158.0,177.0,171.0,449.0,282.0,260.0,166.0,256.0,383.0,256.0,167.0,186.0,245.0,351.0,256.0,158.0,376.0,625.0,446.0,262.0,531.0,175.0,270.0,625.0,444.0,255.0,347.0,639.0,1006.0,1749.0,463.0,376.0,816.0,1476.0,1102.0,626.0,443.0,2249.0,3361.0
21.0,23.0,24.0,25.0,30.0,32.0,54.0,253.0,181.0,173.0,450.0,158.0,176.0,170.0,384.0,282.0,260.0,166.0,255.0,381.0,255.0,167.0,185.0,245.0,350.0,256.0,158.0,376.0,624.0,446.0,262.0,350.0,174.0,190.0,625.0,444.0,255.0,347.0,639.0,1005.0,1748.0,462.0,375.0,815.0,1472.0,998.0,625.0,441.0,2247.0,3352.0
21.0,23.0,24.0,25.0,29.0,32.0,53.0,253.0,181.0,173.0,450.0,158.0,176.0,170.0,373.0,282.0,260.0,166.0,254.0,379.0,255.0,166.0,185.0,245.0,350.0,254.0,158.0,376.0,624.0,445.0,262.0,346.0,174.0,185.0,625.0,443.0,255.0,347.0,638.0,1004.0,1747.0,451.0,372.0,815.0,1472.0,938.0,571.0,441.0,2247.0,2153.0
21.0,23.0,24.0,25.0,29.0,31.0,51.0,253.0,181.0,173.0,450.0,158.0,176.0,170.0,373.0,282.0,259.0,166.0,253.0,378.0,254.0,165.0,184.0,243.0,350.0,254.0,158.0,375.0,534.0,445.0,262.0,289.0,174.0,180.0,625.0,442.0,254.0,346.0,637.0,1002.0,1747.0,445.0,371.0,815.0,1472.0,937.0,570.0,441.0,2247.0,2148.0
21.0,23.0,24.0,25.0,29.0,30.0,51.0,252.0,180.0,173.0,450.0,158.0,175.0,169.0,370.0,281.0,258.0,166.0,253.0,377.0,254.0,165.0,184.0,243.0,348.0,186.0,158.0,375.0,533.0,445.0,262.0,275.0,174.0,180.0,625.0,442.0,254.0,346.0,637.0,1000.0,1747.0,351.0,370.0,813.0,1467.0,937.0,569.0,440.0,2244.0,2145.0
21.0,22.0,24.0,25.0,29.0,30.0,49.0,252.0,180.0,172.0,450.0,158.0,174.0,169.0,364.0,281.0,258.0,165.0,253.0,377.0,254.0,164.0,184.0,242.0,348.0,183.0,158.0,374.0,382.0,444.0,261.0,275.0,173.0,179.0,625.0,442.0,254.0,345.0,636.0,1000.0,1747.0,196.0,369.0,721.0,1467.0,935.0,568.0,439.0,2244.0,1943.0
21.0,22.0,23.0,25.0,29.0,30.0,48.0,252.0,179.0,172.0,449.0,158.0,173.0,168.0,364.0,281.0,258.0,165.0,253.0,377.0,254.0,164.0,184.0,241.0,348.0,182.0,158.0,374.0,381.0,444.0,261.0,274.0,173.0,178.0,625.0,441.0,254.0,344.0,636.0,998.0,1747.0,195.0,369.0,720.0,1283.0,935.0,568.0,439.0,2243.0,1942.0
20.0,22.0,23.0,25.0,29.0,30.0,46.0,252.0,179.0,172.0,449.0,158.0,173.0,168.0,363.0,281.0,258.0,165.0,252.0,376.0,254.0,164.0,184.0,241.0,348.0,181.0,158.0,373.0,380.0,444.0,261.0,273.0,173.0,175.0,625.0,289.0,254.0,344.0,636.0,998.0,1747.0,194.0,368.0,650.0,1220.0,935.0,566.0,438.0,2243.0,1939.0
20.0,22.0,23.0,24.0,29.0,30.0,46.0,252.0,179.0,172.0,449.0,158.0,173.0,167.0,353.0,281.0,258.0,165.0,196.0,373.0,254.0,164.0,184.0,240.0,348.0,180.0,158.0,373.0,379.0,444.0,261.0,273.0,173.0,174.0,625.0,287.0,254.0,344.0,636.0,661.0,1746.0,193.0,367.0,639.0,1215.0,934.0,565.0,381.0,2241.0,1937.0
20.0,22.0,22.0,24.0,29.0,30.0,45.0,252.0,179.0,172.0,449.0,158.0,173.0,167.0,350.0,281.0,258.0,165.0,196.0,371.0,254.0,163.0,183.0,239.0,347.0,177.0,158.0,373.0,379.0,444.0,261.0,272.0,173.0,173.0,625.0,282.0,254.0,344.0,635.0,659.0,1745.0,192.0,367.0,629.0,1215.0,933.0,557.0,367.0,2239.0,1840.0
20.0,22.0,22.0,24.0,29.0,29.0,38.0,252.0,179.0,171.0,449.0,158.0,172.0,167.0,348.0,280.0,257.0,164.0,194.0,371.0,254.0,163.0,182.0,239.0,347.0,176.0,158.0,373.0,379.0,443.0,261.0,270.0,173.0,172.0,625.0,281.0,254.0,344.0,635.0,658.0,1094.0,192.0,367.0,625.0,1193.0,932.0,557.0,366.0,1964.0,1839.0
20.0,21.0,22.0,24.0,29.0,29.0,37.0,252.0,179.0,171.0,449.0,158.0,172.0,167.0,348.0,280.0,257.0,164.0,193.0,369.0,253.0,163.0,182.0,239.0,347.0,176.0,158.0,372.0,379.0,443.0,260.0,270.0,172.0,171.0,625.0,281.0,253.0,344.0,635.0,653.0,1094.0,192.0,366.0,625.0,1192.0,932.0,556.0,366.0,1865.0,1838.0
20.0,21.0,22.0,23.0,28.0,27.0,36.0,252.0,178.0,171.0,449.0,158.0,172.0,166.0,348.0,279.0,257.0,164.0,192.0,368.0,253.0,163.0,182.0,239.0,347.0,176.0,158.0,371.0,378.0,443.0,260.0,269.0,171.0,171.0,625.0,279.0,253.0,344.0,635.0,652.0,1094.0,192.0,366.0,624.0,1192.0,932.0,555.0,355.0,1861.0,1776.0
20.0,21.0,21.0,23.0,28.0,27.0,36.0,252.0,178.0,170.0,449.0,158.0,171.0,165.0,347.0,279.0,257.0,163.0,191.0,368.0,253.0,163.0,182.0,239.0,347.0,176.0,158.0,370.0,378.0,443.0,260.0,265.0,171.0,170.0,625.0,277.0,253.0,344.0,634.0,652.0,939.0,191.0,365.0,476.0,1191.0,932.0,551.0,349.0,1860.0,1774.0
20.0,21.0,21.0,23.0,28.0,27.0,35.0,252.0,177.0,170.0,449.0,158.0,171.0,165.0,345.0,278.0,257.0,163.0,191.0,363.0,252.0,163.0,182.0,238.0,347.0,174.0,158.0,369.0,378.0,443.0,260.0,264.0,166.0,169.0,625.0,275.0,253.0,344.0,634.0,567.0,720.0,191.0,365.0,476.0,1191.0,931.0,540.0,286.0,1859.0,1774.0
19.0,21.0,21.0,22.0,27.0,27.0,35.0,251.0,177.0,170.0,449.0,158.0,171.0,165.0,345.0,277.0,257.0,163.0,187.0,363.0,252.0,162.0,182.0,238.0,347.0,173.0,158.0,369.0,377.0,442.0,259.0,263.0,165.0,169.0,624.0,273.0,253.0,344.0,633.0,454.0,626.0,189.0,365.0,473.0,1190.0,930.0,538.0,278.0,1859.0,1770.0
19.0,21.0,21.0,22.0,27.0,27.0,35.0,251.0,177.0,170.0,448.0,158.0,170.0,165.0,345.0,277.0,257.0,163.0,185.0,360.0,252.0,162.0,181.0,237.0,347.0,172.0,158.0,369.0,377.0,441.0,258.0,262.0,163.0,169.0,567.0,269.0,253.0,344.0,632.0,453.0,533.0,188.0,364.0,467.0,1190.0,930.0,534.0,277.0,1859.0,1770.0
19.0,20.0,20.0,21.0,26.0,25.0,34.0,251.0,176.0,169.0,448.0,158.0,170.0,164.0,282.0,277.0,256.0,163.0,185.0,356.0,252.0,161.0,180.0,236.0,347.0,171.0,158.0,368.0,377.0,440.0,258.0,262.0,162.0,168.0,566.0,268.0,253.0,324.0,630.0,453.0,532.0,188.0,362.0,460.0,1190.0,930.0,533.0,277.0,1858.0,1768.0
19.0,19.0,19.0,21.0,25.0,25.0,30.0,251.0,176.0,169.0,448.0,158.0,169.0,164.0,259.0,276.0,256.0,162.0,184.0,352.0,252.0,161.0,180.0,235.0,346.0,170.0,158.0,367.0,377.0,440.0,257.0,261.0,161.0,167.0,564.0,267.0,252.0,259.0,629.0,441.0,473.0,187.0,362.0,456.0,1190.0,930.0,369.0,276.0,1858.0,1767.0
18.0,19.0,19.0,21.0,25.0,23.0,30.0,251.0,175.0,168.0,448.0,158.0,169.0,164.0,256.0,275.0,256.0,162.0,181.0,351.0,252.0,161.0,179.0,235.0,346.0,168.0,158.0,366.0,377.0,440.0,257.0,260.0,160.0,167.0,564.0,266.0,252.0,257.0,629.0,286.0,366.0,187.0,362.0,454.0,1189.0,930.0,361.0,274.0,1857.0,1765.0
18.0,19.0,19.0,21.0,25.0,23.0,29.0,251.0,175.0,168.0,447.0,158.0,169.0,164.0,252.0,275.0,256.0,162.0,181.0,351.0,252.0,161.0,179.0,233.0,346.0,168.0,158.0,361.0,372.0,440.0,257.0,259.0,160.0,167.0,562.0,263.0,252.0,254.0,629.0,285.0,267.0,186.0,360.0,454.0,1189.0,928.0,361.0,273.0,1856.0,1219.0
18.0,19.0,18.0,21.0,25.0,23.0,29.0,251.0,175.0,168.0,446.0,158.0,169.0,163.0,252.0,275.0,255.0,160.0,180.0,347.0,252.0,160.0,179.0,232.0,346.0,167.0,158.0,361.0,371.0,440.0,256.0,257.0,160.0,167.0,561.0,195.0,252.0,253.0,628.0,285.0,266.0,186.0,360.0,453.0,1189.0,923.0,359.0,272.0,1854.0,942.0
18.0,18.0,18.0,20.0,25.0,21.0,28.0,251.0,174.0,168.0,446.0,158.0,168.0,163.0,252.0,275.0,255.0,160.0,178.0,345.0,252.0,160.0,179.0,232.0,346.0,167.0,158.0,358.0,369.0,439.0,256.0,256.0,159.0,167.0,560.0,193.0,252.0,251.0,628.0,284.0,182.0,185.0,359.0,453.0,1189.0,837.0,269.0,271.0,1852.0,740.0
17.0,18.0,16.0,20.0,25.0,20.0,28.0,251.0,174.0,167.0,445.0,158.0,168.0,163.0,252.0,274.0,254.0,160.0,178.0,286.0,252.0,160.0,179.0,231.0,346.0,167.0,158.0,357.0,369.0,439.0,256.0,254.0,159.0,165.0,559.0,192.0,252.0,197.0,628.0,282.0,181.0,184.0,359.0,452.0,1189.0,835.0,263.0,268.0,1005.0,733.0
16.0,17.0,16.0,20.0,24.0,20.0,27.0,251.0,174.0,167.0,445.0,158.0,168.0,163.0,252.0,274.0,254.0,160.0,177.0,283.0,252.0,160.0,178.0,231.0,345.0,167.0,158.0,355.0,368.0,439.0,256.0,253.0,159.0,165.0,559.0,189.0,252.0,196.0,627.0,281.0,181.0,183.0,358.0,452.0,1189.0,835.0,260.0,265.0,1000.0,729.0
16.0,16.0,16.0,19.0,23.0,19.0,27.0,251.0,172.0,167.0,445.0,158.0,167.0,163.0,252.0,274.0,254.0,160.0,175.0,282.0,252.0,160.0,178.0,230.0,345.0,166.0,158.0,352.0,368.0,439.0,255.0,253.0,159.0,164.0,558.0,187.0,252.0,196.0,627.0,279.0,179.0,182.0,358.0,451.0,1188.0,835.0,257.0,264.0,1000.0,535.0
16.0,16.0,15.0,19.0,23.0,19.0,26.0,251.0,172.0,167.0,445.0,158.0,167.0,162.0,252.0,273.0,254.0,160.0,172.0,275.0,252.0,159.0,177.0,229.0,345.0,165.0,158.0,352.0,360.0,438.0,255.0,253.0,159.0,164.0,558.0,187.0,252.0,193.0,627.0,279.0,176.0,181.0,357.0,451.0,1188.0,834.0,180.0,264.0,999.0,377.0
15.0,15.0,14.0,19.0,22.0,18.0,26.0,251.0,172.0,166.0,445.0,158.0,166.0,162.0,252.0,273.0,254.0,160.0,172.0,272.0,252.0,159.0,177.0,229.0,345.0,164.0,158.0,351.0,353.0,274.0,255.0,253.0,159.0,163.0,556.0,184.0,252.0,185.0,627.0,278.0,176.0,181.0,356.0,451.0,1188.0,832.0,175.0,262.0,999.0,365.0
15.0,15.0,14.0,19.0,22.0,18.0,25.0,251.0,171.0,166.0,444.0,158.0,166.0,162.0,252.0,273.0,254.0,159.0,169.0,259.0,252.0,159.0,177.0,229.0,345.0,164.0,158.0,273.0,350.0,195.0,254.0,253.0,158.0,162.0,551.0,184.0,251.0,184.0,626.0,277.0,172.0,181.0,354.0,451.0,1187.0,830.0,171.0,261.0,927.0,359.0
15.0,14.0,14.0,18.0,22.0,17.0,24.0,242.0,171.0,166.0,444.0,158.0,165.0,162.0,197.0,272.0,253.0,159.0,168.0,257.0,252.0,159.0,177.0,228.0,345.0,162.0,158.0,267.0,349.0,194.0,254.0,253.0,158.0,161.0,544.0,184.0,199.0,182.0,626.0,276.0,172.0,179.0,349.0,449.0,1186.0,830.0,168.0,260.0,636.0,356.0
14.0,13.0,14.0,18.0,22.0,17.0,22.0,238.0,170.0,166.0,444.0,158.0,164.0,162.0,194.0,270.0,253.0,159.0,165.0,254.0,252.0,159.0,173.0,228.0,345.0,162.0,158.0,261.0,195.0,193.0,253.0,253.0,158.0,161.0,543.0,183.0,197.0,178.0,625.0,276.0,172.0,178.0,348.0,448.0,1186.0,537.0,167.0,257.0,635.0,355.0
14.0,13.0,12.0,17.0,21.0,16.0,22.0,233.0,170.0,166.0,443.0,158.0,164.0,161.0,193.0,270.0,253.0,159.0,164.0,251.0,252.0,159.0,173.0,196.0,345.0,162.0,158.0,192.0,192.0,193.0,253.0,252.0,158.0,161.0,541.0,183.0,196.0,178.0,625.0,267.0,172.0,178.0,347.0,448.0,817.0,465.0,166.0,255.0,633.0,352.0
13.0,13.0,12.0,16.0,21.0,15.0,21.0,228.0,170.0,165.0,443.0,158.0,163.0,161.0,193.0,269.0,253.0,159.0,163.0,195.0,252.0,159.0,173.0,194.0,345.0,161.0,158.0,191.0,192.0,192.0,252.0,252.0,158.0,161.0,538.0,180.0,194.0,177.0,472.0,199.0,171.0,178.0,347.0,446.0,815.0,461.0,166.0,255.0,633.0,352.0
13.0,12.0,12.0,16.0,21.0,14.0,18.0,227.0,169.0,165.0,443.0,158.0,163.0,161.0,192.0,264.0,252.0,159.0,163.0,190.0,252.0,159.0,171.0,188.0,345.0,161.0,158.0,187.0,192.0,192.0,252.0,252.0,158.0,161.0,535.0,178.0,192.0,177.0,468.0,198.0,168.0,177.0,346.0,445.0,814.0,277.0,163.0,254.0,627.0,351.0
13.0,12.0,11.0,15.0,21.0,13.0,14.0,193.0,169.0,165.0,443.0,158.0,163.0,161.0,192.0,263.0,252.0,159.0,162.0,190.0,252.0,158.0,170.0,186.0,265.0,160.0,158.0,186.0,191.0,188.0,252.0,252.0,158.0,160.0,474.0,176.0,192.0,173.0,464.0,195.0,166.0,177.0,345.0,442.0,651.0,190.0,161.0,254.0,626.0,351.0
12.0,12.0,9.0,15.0,20.0,12.0,11.0,187.0,169.0,165.0,442.0,158.0,163.0,161.0,192.0,263.0,252.0,159.0,162.0,189.0,252.0,158.0,169.0,185.0,265.0,160.0,158.0,186.0,191.0,186.0,252.0,252.0,158.0,159.0,472.0,169.0,191.0,172.0,460.0,194.0,165.0,176.0,345.0,440.0,650.0,189.0,160.0,252.0,376.0,347.0
11.0,11.0,9.0,15.0,19.0,12.0,11.0,184.0,168.0,164.0,441.0,158.0,163.0,160.0,191.0,261.0,252.0,159.0,161.0,186.0,252.0,158.0,169.0,184.0,263.0,160.0,158.0,186.0,191.0,185.0,252.0,252.0,158.0,159.0,380.0,168.0,189.0,170.0,459.0,193.0,165.0,175.0,326.0,276.0,377.0,189.0,160.0,194.0,374.0,347.0
11.0,10.0,9.0,14.0,19.0,11.0,10.0,168.0,167.0,164.0,441.0,158.0,162.0,160.0,191.0,261.0,252.0,158.0,160.0,181.0,252.0,158.0,167.0,182.0,258.0,160.0,158.0,185.0,191.0,183.0,252.0,243.0,77.0,159.0,364.0,1.0,187.0,168.0,377.0,193.0,165.0,175.0,287.0,270.0,371.0,183.0,160.0,194.0,372.0,345.0
11.0,10.0,7.0,14.0,18.0,10.0,10.0,166.0,167.0,163.0,440.0,158.0,162.0,160.0,190.0,260.0,252.0,158.0,160.0,180.0,252.0,158.0,167.0,180.0,255.0,160.0,158.0,184.0,190.0,183.0,251.0,239.0,1.0,159.0,358.0,1.0,187.0,1.0,377.0,193.0,163.0,173.0,278.0,268.0,370.0,181.0,159.0,194.0,368.0,345.0
11.0,8.0,7.0,14.0,18.0,8.0,8.0,164.0,167.0,163.0,440.0,158.0,162.0,160.0,189.0,258.0,252.0,158.0,159.0,172.0,252.0,158.0,166.0,178.0,254.0,160.0,158.0,183.0,190.0,181.0,242.0,197.0,1.0,158.0,349.0,1.0,183.0,1.0,362.0,192.0,163.0,172.0,275.0,195.0,360.0,174.0,159.0,192.0,365.0,345.0
11.0,8.0,7.0,13.0,18.0,3.0,6.0,163.0,166.0,163.0,439.0,158.0,161.0,160.0,188.0,256.0,252.0,158.0,159.0,167.0,252.0,158.0,164.0,176.0,252.0,159.0,158.0,181.0,188.0,180.0,241.0,192.0,1.0,158.0,348.0,1.0,182.0,1.0,360.0,191.0,163.0,171.0,272.0,194.0,359.0,173.0,158.0,190.0,363.0,344.0
10.0,7.0,7.0,13.0,17.0,2.0,1.0,160.0,165.0,163.0,291.0,158.0,161.0,160.0,188.0,191.0,252.0,158.0,159.0,167.0,244.0,158.0,163.0,175.0,252.0,159.0,158.0,179.0,188.0,180.0,231.0,188.0,1.0,158.0,347.0,1.0,181.0,1.0,292.0,191.0,162.0,169.0,261.0,192.0,359.0,171.0,158.0,190.0,362.0,196.0
9.0,6.0,6.0,13.0,17.0,1.0,1.0,159.0,164.0,161.0,256.0,158.0,161.0,160.0,185.0,191.0,252.0,158.0,158.0,1.0,244.0,158.0,162.0,174.0,251.0,159.0,158.0,179.0,187.0,179.0,228.0,185.0,1.0,158.0,271.0,1.0,180.0,1.0,291.0,191.0,162.0,169.0,195.0,186.0,352.0,170.0,158.0,189.0,359.0,195.0
9.0,2.0,5.0,11.0,17.0,1.0,1.0,159.0,164.0,161.0,186.0,158.0,160.0,159.0,185.0,185.0,252.0,158.0,158.0,1.0,239.0,158.0,160.0,169.0,251.0,159.0,158.0,178.0,187.0,177.0,228.0,175.0,1.0,158.0,255.0,1.0,180.0,1.0,289.0,180.0,162.0,168.0,182.0,184.0,349.0,168.0,158.0,186.0,350.0,188.0
8.0,2.0,4.0,10.0,16.0,1.0,1.0,158.0,164.0,161.0,173.0,158.0,160.0,159.0,185.0,181.0,251.0,158.0,1.0,1.0,184.0,158.0,158.0,165.0,251.0,159.0,158.0,176.0,187.0,176.0,227.0,172.0,1.0,158.0,196.0,1.0,178.0,1.0,286.0,179.0,161.0,168.0,180.0,180.0,349.0,166.0,1.0,183.0,289.0,180.0
8.0,1.0,3.0,9.0,15.0,1.0,1.0,158.0,163.0,161.0,166.0,158.0,158.0,159.0,184.0,177.0,239.0,158.0,1.0,1.0,182.0,158.0,1.0,163.0,195.0,159.0,158.0,175.0,186.0,176.0,192.0,171.0,1.0,158.0,185.0,1.0,178.0,1.0,285.0,175.0,160.0,165.0,171.0,173.0,348.0,166.0,1.0,181.0,192.0,175.0
8.0,1.0,3.0,8.0,15.0,1.0,1.0,158.0,161.0,160.0,159.0,158.0,158.0,159.0,184.0,173.0,228.0,158.0,1.0,1.0,180.0,141.0,1.0,161.0,193.0,158.0,158.0,172.0,185.0,176.0,184.0,167.0,1.0,158.0,179.0,1.0,176.0,1.0,285.0,173.0,160.0,1.0,162.0,172.0,345.0,166.0,1.0,181.0,191.0,174.0
7.0,1.0,2.0,7.0,12.0,1.0,1.0,98.0,161.0,160.0,159.0,158.0,1.0,159.0,181.0,172.0,189.0,158.0,1.0,1.0,168.0,36.0,1.0,159.0,191.0,158.0,32.0,170.0,180.0,173.0,183.0,165.0,1.0,158.0,172.0,1.0,176.0,1.0,285.0,172.0,159.0,1.0,161.0,171.0,284.0,163.0,1.0,178.0,188.0,172.0
6.0,1.0,1.0,6.0,11.0,1.0,1.0,1.0,161.0,159.0,1.0,158.0,1.0,158.0,181.0,167.0,189.0,158.0,1.0,1.0,1.0,1.0,1.0,1.0,190.0,158.0,1.0,170.0,180.0,173.0,178.0,164.0,1.0,158.0,171.0,1.0,174.0,1.0,282.0,170.0,159.0,1.0,160.0,171.0,274.0,161.0,1.0,177.0,174.0,170.0
6.0,1.0,1.0,6.0,10.0,1.0,1.0,1.0,160.0,1.0,1.0,158.0,1.0,158.0,180.0,164.0,182.0,158.0,1.0,1.0,1.0,1.0,1.0,1.0,189.0,158.0,1.0,169.0,179.0,166.0,170.0,1.0,1.0,158.0,162.0,1.0,174.0,1.0,281.0,170.0,159.0,1.0,160.0,166.0,252.0,161.0,1.0,176.0,163.0,170.0
6.0,1.0,1.0,6.0,8.0,1.0,1.0,1.0,158.0,1.0,1.0,1.0,1.0,158.0,180.0,158.0,180.0,158.0,1.0,1.0,1.0,1.0,1.0,1.0,186.0,158.0,1.0,168.0,177.0,164.0,167.0,1.0,1.0,1.0,161.0,1.0,171.0,1.0,276.0,168.0,158.0,1.0,1.0,164.0,189.0,161.0,1.0,175.0,161.0,1.0
5.0,1.0,1.0,5.0,8.0,1.0,1.0,1.0,1.0,1.0,1.0,1.0,1.0,158.0,179.0,1.0,176.0,93.0,1.0,1.0,1.0,1.0,1.0,1.0,177.0,158.0,1.0,165.0,176.0,158.0,166.0,1.0,1.0,1.0,161.0,1.0,170.0,1.0,274.0,166.0,158.0,1.0,1.0,1.0,180.0,159.0,1.0,175.0,159.0,1.0
4.0,1.0,1.0,5.0,6.0,1.0,1.0,1.0,1.0,1.0,1.0,1.0,1.0,158.0,179.0,1.0,173.0,1.0,1.0,1.0,1.0,1.0,1.0,1.0,162.0,158.0,1.0,1.0,168.0,1.0,164.0,1.0,1.0,1.0,160.0,1.0,169.0,1.0,272.0,163.0,158.0,1.0,1.0,1.0,178.0,159.0,1.0,174.0,159.0,1.0
3.0,1.0,1.0,5.0,2.0,1.0,1.0,1.0,1.0,1.0,1.0,1.0,1.0,158.0,178.0,1.0,172.0,1.0,1.0,1.0,1.0,1.0,1.0,1.0,1.0,158.0,1.0,1.0,167.0,1.0,158.0,1.0,1.0,1.0,160.0,1.0,169.0,1.0,263.0,163.0,1.0,1.0,1.0,1.0,177.0,158.0,1.0,171.0,158.0,1.0
3.0,1.0,1.0,4.0,1.0,1.0,1.0,1.0,1.0,1.0,1.0,1.0,1.0,158.0,178.0,1.0,166.0,1.0,1.0,1.0,1.0,1.0,1.0,1.0,1.0,1.0,1.0,1.0,162.0,1.0,1.0,1.0,1.0,1.0,159.0,1.0,167.0,1.0,256.0,1.0,1.0,1.0,1.0,1.0,167.0,158.0,1.0,168.0,1.0,1.0
1.0,1.0,1.0,1.0,1.0,1.0,1.0,1.0,1.0,1.0,1.0,1.0,1.0,158.0,176.0,1.0,162.0,1.0,1.0,1.0,1.0,1.0,1.0,1.0,1.0,1.0,1.0,1.0,1.0,1.0,1.0,1.0,1.0,1.0,158.0,1.0,165.0,1.0,177.0,1.0,1.0,1.0,1.0,1.0,1.0,1.0,1.0,1.0,1.0,1.0
1.0,1.0,1.0,1.0,1.0,1.0,1.0,1.0,1.0,1.0,1.0,1.0,1.0,158.0,169.0,1.0,161.0,1.0,1.0,1.0,1.0,1.0,1.0,1.0,1.0,1.0,1.0,1.0,1.0,1.0,1.0,1.0,1.0,1.0,158.0,1.0,165.0,1.0,160.0,1.0,1.0,1.0,1.0,1.0,1.0,1.0,1.0,1.0,1.0,1.0
1.0,1.0,1.0,1.0,1.0,1.0,1.0,1.0,1.0,1.0,1.0,1.0,1.0,158.0,1.0,1.0,159.0,1.0,1.0,1.0,1.0,1.0,1.0,1.0,1.0,1.0,1.0,1.0,1.0,1.0,1.0,1.0,1.0,1.0,1.0,1.0,165.0,1.0,1.0,1.0,1.0,1.0,1.0,1.0,1.0,1.0,1.0,1.0,1.0,1.0
1.0,1.0,1.0,1.0,1.0,1.0,1.0,1.0,1.0,1.0,1.0,1.0,1.0,1.0,1.0,1.0,158.0,1.0,1.0,1.0,1.0,1.0,1.0,1.0,1.0,1.0,1.0,1.0,1.0,1.0,1.0,1.0,1.0,1.0,1.0,1.0,164.0,1.0,1.0,1.0,1.0,1.0,1.0,1.0,1.0,1.0,1.0,1.0,1.0,1.0
1.0,1.0,1.0,1.0,1.0,1.0,1.0,1.0,1.0,1.0,1.0,1.0,1.0,1.0,1.0,1.0,1.0,1.0,1.0,1.0,1.0,1.0,1.0,1.0,1.0,1.0,1.0,1.0,1.0,1.0,1.0,1.0,1.0,1.0,1.0,1.0,162.0,1.0,1.0,1.0,1.0,1.0,1.0,1.0,1.0,1.0,1.0,1.0,1.0,1.0
1.0,1.0,1.0,1.0,1.0,1.0,1.0,1.0,1.0,1.0,1.0,1.0,1.0,1.0,1.0,1.0,1.0,1.0,1.0,1.0,1.0,1.0,1.0,1.0,1.0,1.0,1.0,1.0,1.0,1.0,1.0,1.0,1.0,1.0,1.0,1.0,160.0,1.0,1.0,1.0,1.0,1.0,1.0,1.0,1.0,1.0,1.0,1.0,1.0,1.0
1.0,1.0,1.0,1.0,1.0,1.0,1.0,1.0,1.0,1.0,1.0,1.0,1.0,1.0,1.0,1.0,1.0,1.0,1.0,1.0,1.0,1.0,1.0,1.0,1.0,1.0,1.0,1.0,1.0,1.0,1.0,1.0,1.0,1.0,1.0,1.0,1.0,1.0,1.0,1.0,1.0,1.0,1.0,1.0,1.0,1.0,1.0,1.0,1.0,1.0
1.0,1.0,1.0,1.0,1.0,1.0,1.0,1.0,1.0,1.0,1.0,1.0,1.0,1.0,1.0,1.0,1.0,1.0,1.0,1.0,1.0,1.0,1.0,1.0,1.0,1.0,1.0,1.0,1.0,1.0,1.0,1.0,1.0,1.0,1.0,1.0,1.0,1.0,1.0,1.0,1.0,1.0,1.0,1.0,1.0,1.0,1.0,1.0,1.0,1.0
1.0,1.0,1.0,1.0,1.0,1.0,1.0,1.0,1.0,1.0,1.0,1.0,1.0,1.0,1.0,1.0,1.0,1.0,1.0,1.0,1.0,1.0,1.0,1.0,1.0,1.0,1.0,1.0,1.0,1.0,1.0,1.0,1.0,1.0,1.0,1.0,1.0,1.0,1.0,1.0,1.0,1.0,1.0,1.0,1.0,1.0,1.0,1.0,1.0,1.0
1.0,1.0,1.0,1.0,1.0,1.0,1.0,1.0,1.0,1.0,1.0,1.0,1.0,1.0,1.0,1.0,1.0,1.0,1.0,1.0,1.0,1.0,1.0,1.0,1.0,1.0,1.0,1.0,1.0,1.0,1.0,1.0,1.0,1.0,1.0,1.0,1.0,1.0,1.0,1.0,1.0,1.0,1.0,1.0,1.0,1.0,1.0,1.0,1.0,1.0
1.0,1.0,1.0,1.0,1.0,1.0,1.0,1.0,1.0,1.0,1.0,1.0,1.0,1.0,1.0,1.0,1.0,1.0,1.0,1.0,1.0,1.0,1.0,1.0,1.0,1.0,1.0,1.0,1.0,1.0,1.0,1.0,1.0,1.0,1.0,1.0,1.0,1.0,1.0,1.0,1.0,1.0,1.0,1.0,1.0,1.0,1.0,1.0,1.0,1.0
1.0,1.0,1.0,1.0,1.0,1.0,1.0,1.0,1.0,1.0,1.0,1.0,1.0,1.0,1.0,1.0,1.0,1.0,1.0,1.0,1.0,1.0,1.0,1.0,1.0,1.0,1.0,1.0,1.0,1.0,1.0,1.0,1.0,1.0,1.0,1.0,1.0,1.0,1.0,1.0,1.0,1.0,1.0,1.0,1.0,1.0,1.0,1.0,1.0,1.0
1.0,1.0,1.0,1.0,1.0,1.0,1.0,1.0,1.0,1.0,1.0,1.0,1.0,1.0,1.0,1.0,1.0,1.0,1.0,1.0,1.0,1.0,1.0,1.0,1.0,1.0,1.0,1.0,1.0,1.0,1.0,1.0,1.0,1.0,1.0,1.0,1.0,1.0,1.0,1.0,1.0,1.0,1.0,1.0,1.0,1.0,1.0,1.0,1.0,1.0
1.0,1.0,1.0,1.0,1.0,1.0,1.0,1.0,1.0,1.0,1.0,1.0,1.0,1.0,1.0,1.0,1.0,1.0,1.0,1.0,1.0,1.0,1.0,1.0,1.0,1.0,1.0,1.0,1.0,1.0,1.0,1.0,1.0,1.0,1.0,1.0,1.0,1.0,1.0,1.0,1.0,1.0,1.0,1.0,1.0,1.0,1.0,1.0,1.0,1.0
1.0,1.0,1.0,1.0,1.0,1.0,1.0,1.0,1.0,1.0,1.0,1.0,1.0,1.0,1.0,1.0,1.0,1.0,1.0,1.0,1.0,1.0,1.0,1.0,1.0,1.0,1.0,1.0,1.0,1.0,1.0,1.0,1.0,1.0,1.0,1.0,1.0,1.0,1.0,1.0,1.0,1.0,1.0,1.0,1.0,1.0,1.0,1.0,1.0,1.0
1.0,1.0,1.0,1.0,1.0,1.0,1.0,1.0,1.0,1.0,1.0,1.0,1.0,1.0,1.0,1.0,1.0,1.0,1.0,1.0,1.0,1.0,1.0,1.0,1.0,1.0,1.0,1.0,1.0,1.0,1.0,1.0,1.0,1.0,1.0,1.0,1.0,1.0,1.0,1.0,1.0,1.0,1.0,1.0,1.0,1.0,1.0,1.0,1.0,1.0
1.0,1.0,1.0,1.0,1.0,1.0,1.0,1.0,1.0,1.0,1.0,1.0,1.0,1.0,1.0,1.0,1.0,1.0,1.0,1.0,1.0,1.0,1.0,1.0,1.0,1.0,1.0,1.0,1.0,1.0,1.0,1.0,1.0,1.0,1.0,1.0,1.0,1.0,1.0,1.0,1.0,1.0,1.0,1.0,1.0,1.0,1.0,1.0,1.0,1.0
1.0,1.0,1.0,1.0,1.0,1.0,1.0,1.0,1.0,1.0,1.0,1.0,1.0,1.0,1.0,1.0,1.0,1.0,1.0,1.0,1.0,1.0,1.0,1.0,1.0,1.0,1.0,1.0,1.0,1.0,1.0,1.0,1.0,1.0,1.0,1.0,1.0,1.0,1.0,1.0,1.0,1.0,1.0,1.0,1.0,1.0,1.0,1.0,1.0,1.0
1.0,1.0,1.0,1.0,1.0,1.0,1.0,1.0,1.0,1.0,1.0,1.0,1.0,1.0,1.0,1.0,1.0,1.0,1.0,1.0,1.0,1.0,1.0,1.0,1.0,1.0,1.0,1.0,1.0,1.0,1.0,1.0,1.0,1.0,1.0,1.0,1.0,1.0,1.0,1.0,1.0,1.0,1.0,1.0,1.0,1.0,1.0,1.0,1.0,1.0
1.0,1.0,1.0,1.0,1.0,1.0,1.0,1.0,1.0,1.0,1.0,1.0,1.0,1.0,1.0,1.0,1.0,1.0,1.0,1.0,1.0,1.0,1.0,1.0,1.0,1.0,1.0,1.0,1.0,1.0,1.0,1.0,1.0,1.0,1.0,1.0,1.0,1.0,1.0,1.0,1.0,1.0,1.0,1.0,1.0,1.0,1.0,1.0,1.0,1.0
1.0,1.0,1.0,1.0,1.0,1.0,1.0,1.0,1.0,1.0,1.0,1.0,1.0,1.0,1.0,1.0,1.0,1.0,1.0,1.0,1.0,1.0,1.0,1.0,1.0,1.0,1.0,1.0,1.0,1.0,1.0,1.0,1.0,1.0,1.0,1.0,1.0,1.0,1.0,1.0,1.0,1.0,1.0,1.0,1.0,1.0,1.0,1.0,1.0,1.0
1.0,1.0,1.0,1.0,1.0,1.0,1.0,1.0,1.0,1.0,1.0,1.0,1.0,1.0,1.0,1.0,1.0,1.0,1.0,1.0,1.0,1.0,1.0,1.0,1.0,1.0,1.0,1.0,1.0,1.0,1.0,1.0,1.0,1.0,1.0,1.0,1.0,1.0,1.0,1.0,1.0,1.0,1.0,1.0,1.0,1.0,1.0,1.0,1.0,1.0
1.0,1.0,1.0,1.0,1.0,1.0,1.0,1.0,0.0,1.0,1.0,1.0,1.0,1.0,1.0,1.0,1.0,1.0,1.0,1.0,1.0,1.0,1.0,0.0,1.0,1.0,1.0,1.0,1.0,1.0,1.0,1.0,1.0,1.0,1.0,1.0,1.0,1.0,1.0,1.0,1.0,1.0,1.0,1.0,1.0,1.0,1.0,1.0,1.0,1.0
1.0,1.0,1.0,1.0,1.0,1.0,1.0,1.0,0.0,1.0,1.0,1.0,1.0,1.0,1.0,1.0,1.0,1.0,1.0,1.0,1.0,1.0,1.0,0.0,1.0,1.0,1.0,1.0,1.0,1.0,1.0,1.0,1.0,1.0,1.0,1.0,1.0,1.0,1.0,1.0,1.0,1.0,1.0,1.0,1.0,1.0,1.0,1.0,1.0,1.0
1.0,1.0,1.0,1.0,1.0,1.0,1.0,1.0,0.0,1.0,1.0,1.0,1.0,1.0,1.0,0.0,1.0,1.0,1.0,1.0,1.0,1.0,0.0,0.0,1.0,1.0,1.0,1.0,1.0,1.0,1.0,1.0,1.0,0.0,1.0,1.0,1.0,1.0,1.0,1.0,1.0,1.0,1.0,1.0,1.0,1.0,1.0,1.0,1.0,1.0
1.0,1.0,1.0,1.0,1.0,1.0,1.0,0.0,0.0,1.0,1.0,1.0,1.0,1.0,1.0,0.0,1.0,1.0,1.0,1.0,0.0,1.0,0.0,0.0,1.0,1.0,1.0,1.0,1.0,1.0,1.0,1.0,1.0,0.0,1.0,1.0,1.0,1.0,1.0,1.0,1.0,1.0,1.0,1.0,1.0,1.0,1.0,1.0,1.0,1.0
